SOC_gkg,elevation,slope,landcover,rainfall,lst,ndvi,twi,smi,soil_ph,soil_texture,longitude,latitude
0.0,610,2.0628934,10,15220.092458974119,31.26873660800004,0.5542932,15.1267175386885,0.8545307033111915,5.6,6,-46.93333,-46.93333
0.0,610,2.0628934,10,15220.092458974119,31.26873660800004,0.5542932,15.1267175386885,0.8545307033111915,5.6,6,-46.93333,-46.93333
15.60000038,422,0.4937669,20,15406.665894353431,31.43827040000002,0.4564747,16.853938486778983,0.8557882460321488,5.6,6,-47.0478381,-47.0478381
9.399999619,422,0.4937669,20,15406.665894353431,31.43827040000002,0.4564747,16.853938486778983,0.8557882460321488,5.6,6,-47.0478381,-47.0478381
4.699999809,422,0.4937669,20,15406.665894353431,31.43827040000002,0.4564747,16.853938486778983,0.8557882460321488,5.6,6,-47.0478381,-47.0478381
44.29999924,422,0.4937669,20,15406.665894353431,31.43827040000002,0.4564747,16.853938486778983,0.8557882460321488,5.6,6,-47.0478381,-47.0478381
23.89999962,422,0.4937669,20,15406.665894353431,31.43827040000002,0.4564747,16.853938486778983,0.8557882460321488,5.6,6,-47.0478381,-47.0478381
8.300000191,422,0.4937669,20,15406.665894353431,31.43827040000002,0.4564747,16.853938486778983,0.8557882460321488,5.6,6,-47.0478381,-47.0478381
4.099999905,422,0.4937669,20,15406.665894353431,31.43827040000002,0.4564747,16.853938486778983,0.8557882460321488,5.6,6,-47.0478381,-47.0478381
8.399999619,424,0.08815647,10,14842.428902368094,29.47701052399998,0.6227327,14.656713909442765,0.841240302215912,5.7,4,-46.78333,-46.78333
26.10000038,424,0.08815647,10,14842.428902368094,29.47701052399998,0.6227327,14.656713909442765,0.841240302215912,5.7,4,-46.78333,-46.78333
10.5,391,0.768313,30,14952.694493921226,37.36853510000003,0.35792318,14.839035466236718,0.899776887581766,5.6,4,-46.73333,-46.73333
31.20000076,391,0.768313,30,14952.694493921226,37.36853510000003,0.35792318,14.839035466236718,0.899776887581766,5.6,4,-46.73333,-46.73333
36.79999924,422,0.07729086,10,14842.428902368094,29.47701052399998,0.6227327,14.656713909442765,0.841240302215912,5.7,4,-46.78333,-46.78333
5.5,422,0.07729086,10,14842.428902368094,29.47701052399998,0.6227327,14.656713909442765,0.841240302215912,5.7,4,-46.78333,-46.78333
2.0,422,0.07729086,10,14842.428902368094,29.47701052399998,0.6227327,14.656713909442765,0.841240302215912,5.7,4,-46.78333,-46.78333
15.69999981,422,0.07729086,10,14842.428902368094,29.47701052399998,0.6227327,14.656713909442765,0.841240302215912,5.7,4,-46.78333,-46.78333
10.19999981,422,0.07729086,10,14842.428902368094,29.47701052399998,0.6227327,14.656713909442765,0.841240302215912,5.7,4,-46.78333,-46.78333
3.0,422,0.07729086,10,14842.428902368094,29.47701052399998,0.6227327,14.656713909442765,0.841240302215912,5.7,4,-46.78333,-46.78333
6.699999809,373,0.5399689,20,15333.49339653961,32.93048027428574,0.47023284,19.99328998810789,0.8668569400276721,5.5,6,-46.81667,-46.81667
28.0,373,0.5399689,20,15333.49339653961,32.93048027428574,0.47023284,19.99328998810789,0.8668569400276721,5.5,6,-46.81667,-46.81667
3.700000048,435,0.79615813,10,14927.62687993954,30.189933540000027,0.59485316,16.48126320149381,0.8465285172602249,5.9,4,-46.81667,-46.81667
19.39999962,435,0.79615813,10,14927.62687993954,30.189933540000027,0.59485316,16.48126320149381,0.8465285172602249,5.9,4,-46.81667,-46.81667
19.29999924,426,0.57571864,10,15072.0906315723,35.50229618000003,0.45169574,16.959299002436808,0.885933776177679,5.6,4,-46.76667,-46.76667
4.300000191,426,0.57571864,10,15072.0906315723,35.50229618000003,0.45169574,16.959299002436808,0.885933776177679,5.6,4,-46.76667,-46.76667
0.0,394,0.48932746,30,14899.664129986755,32.68926571999998,0.516888,20.12646039161833,0.8650676943359871,5.6,4,-46.63333,-46.63333
0.0,394,0.48932746,30,14899.664129986755,32.68926571999998,0.516888,20.12646039161833,0.8650676943359871,5.6,4,-46.63333,-46.63333
0.0,730,1.6892976,10,15192.199213719094,29.514779645000033,0.55991757,14.839035466236718,0.8415204604228999,5.5,1,-46.7,-46.7
0.0,730,1.6892976,10,15192.199213719094,29.514779645000033,0.55991757,14.839035466236718,0.8415204604228999,5.5,1,-46.7,-46.7
8.899999619,513,0.7885172,30,15016.104595443183,34.753322547500034,0.48045266,18.103521802356973,0.8803781501952238,6.0,4,-46.6,-46.6
4.300000191,513,0.7885172,30,15016.104595443183,34.753322547500034,0.48045266,18.103521802356973,0.8803781501952238,6.0,4,-46.6,-46.6
33.29999924,513,0.7885172,30,15016.104595443183,34.753322547500034,0.48045266,18.103521802356973,0.8803781501952238,6.0,4,-46.6,-46.6
29.10000038,449,0.8969625,30,14959.369275255967,34.663829581538494,0.4100779,14.656713909442765,0.8797143224910583,6.0,4,-46.56663,-46.56663
5.699999809,449,0.8969625,30,14959.369275255967,34.663829581538494,0.4100779,14.656713909442765,0.8797143224910583,6.0,4,-46.56663,-46.56663
0.0,498,2.9628181,30,15016.104595443183,34.753322547500034,0.48045266,18.103521802356973,0.8803781501952238,6.1,4,-46.61667,-46.61667
0.0,498,2.9628181,30,15016.104595443183,34.753322547500034,0.48045266,18.103521802356973,0.8803781501952238,6.1,4,-46.61667,-46.61667
4.099999905,358,0.16298053,20,15445.057536911363,33.91633490000004,0.454953,20.461848878359252,0.8741696668525941,5.6,6,-46.85,-46.85
4.400000095,358,0.16298053,20,15445.057536911363,33.91633490000004,0.454953,20.461848878359252,0.8741696668525941,5.6,6,-46.85,-46.85
1.399999976,358,0.16298053,20,15445.057536911363,33.91633490000004,0.454953,20.461848878359252,0.8741696668525941,5.6,6,-46.85,-46.85
5.699999809,669,0.47213617,30,14832.080404854953,31.826785340000015,0.4140676,15.686333326623922,0.858670114767676,5.4,6,-46.86667,-46.86667
8.399999619,669,0.47213617,30,14832.080404854953,31.826785340000015,0.4140676,15.686333326623922,0.858670114767676,5.4,6,-46.86667,-46.86667
3.099999905,669,0.47213617,30,14832.080404854953,31.826785340000015,0.4140676,15.686333326623922,0.858670114767676,5.4,6,-46.86667,-46.86667
1.700000048,669,0.47213617,30,14832.080404854953,31.826785340000015,0.4140676,15.686333326623922,0.858670114767676,5.4,6,-46.86667,-46.86667
7.400000095,708,0.88581556,20,14999.269347976755,30.252217459999997,0.4374066,14.656713909442765,0.8469905177222251,5.3,4,-46.95,-46.95
3.599999905,708,0.88581556,20,14999.269347976755,30.252217459999997,0.4374066,14.656713909442765,0.8469905177222251,5.3,4,-46.95,-46.95
7.900000095,708,0.88581556,20,14999.269347976755,30.252217459999997,0.4374066,14.656713909442765,0.8469905177222251,5.3,4,-46.95,-46.95
7.099999905,611,2.622409,10,15220.389556737344,31.02298097000005,0.49262685,14.839035466236718,0.8527077734394812,5.5,6,-46.96667,-46.96667
0.899999976,611,2.622409,10,15220.389556737344,31.02298097000005,0.49262685,14.839035466236718,0.8527077734394812,5.5,6,-46.96667,-46.96667
56.5,430,0.3474165,10,14929.854901829294,29.47701052399998,0.6227327,16.48126320149381,0.841240302215912,5.9,4,-46.78333,-46.78333
22.70000076,430,0.3474165,10,14929.854901829294,29.47701052399998,0.6227327,16.48126320149381,0.841240302215912,5.9,4,-46.78333,-46.78333
40.59999847,430,0.3474165,10,14929.854901829294,29.47701052399998,0.6227327,16.48126320149381,0.841240302215912,5.9,4,-46.78333,-46.78333
18.39999962,430,0.3474165,10,14929.854901829294,29.47701052399998,0.6227327,16.48126320149381,0.841240302215912,5.9,4,-46.78333,-46.78333
10.80000019,430,0.3474165,10,14929.854901829294,29.47701052399998,0.6227327,16.48126320149381,0.841240302215912,5.9,4,-46.78333,-46.78333
0.0,144,0.5912819,30,19360.914357120066,30.247090430000014,0.51955855,17.364764110544975,0.8469524871963898,5.1,6,-48.26667,-48.26667
9.699999809,144,0.5912819,30,19360.914357120066,30.247090430000014,0.51955855,17.364764110544975,0.8469524871963898,5.1,6,-48.26667,-48.26667
1.799999952,144,0.5912819,30,19360.914357120066,30.247090430000014,0.51955855,17.364764110544975,0.8469524871963898,5.1,6,-48.26667,-48.26667
0.800000012,144,0.5912819,30,19360.914357120066,30.247090430000014,0.51955855,17.364764110544975,0.8469524871963898,5.1,6,-48.26667,-48.26667
0.0,144,0.5912819,30,19360.914357120066,30.247090430000014,0.51955855,17.364764110544975,0.8469524871963898,5.1,6,-48.26667,-48.26667
2.099999905,144,0.5912819,30,19360.914357120066,30.247090430000014,0.51955855,17.364764110544975,0.8469524871963898,5.1,6,-48.26667,-48.26667
4.099999905,144,0.5912819,30,19360.914357120066,30.247090430000014,0.51955855,17.364764110544975,0.8469524871963898,5.1,6,-48.26667,-48.26667
0.899999976,144,0.5912819,30,19360.914357120066,30.247090430000014,0.51955855,17.364764110544975,0.8469524871963898,5.1,6,-48.26667,-48.26667
0.899999976,145,0.1734993,30,19063.549018885005,31.166196008000043,0.49278086,16.305372535030145,0.8537700927944835,4.7,6,-48.1,-48.1
0.0,145,0.1734993,30,19063.549018885005,31.166196008000043,0.49278086,16.305372535030145,0.8537700927944835,4.7,6,-48.1,-48.1
1.200000048,145,0.1734993,30,19063.549018885005,31.166196008000043,0.49278086,16.305372535030145,0.8537700927944835,4.7,6,-48.1,-48.1
3.799999952,145,0.1734993,30,19063.549018885005,31.166196008000043,0.49278086,16.305372535030145,0.8537700927944835,4.7,6,-48.1,-48.1
2.400000095,145,0.1734993,30,19063.549018885005,31.166196008000043,0.49278086,16.305372535030145,0.8537700927944835,4.7,6,-48.1,-48.1
1.299999952,145,0.1734993,30,19063.549018885005,31.166196008000043,0.49278086,16.305372535030145,0.8537700927944835,4.7,6,-48.1,-48.1
0.0,146,0.5191175,30,19526.50180499914,31.318639700000006,0.5306364,19.01598355699403,0.8549008670959892,5.0,6,-48.33333333,-48.33333333
14.39999962,146,0.5191175,30,19526.50180499914,31.318639700000006,0.5306364,19.01598355699403,0.8549008670959892,5.0,6,-48.33333333,-48.33333333
0.0,146,0.5191175,30,19526.50180499914,31.318639700000006,0.5306364,19.01598355699403,0.8549008670959892,5.0,6,-48.33333333,-48.33333333
10.19999981,146,0.5191175,30,19526.50180499914,31.318639700000006,0.5306364,19.01598355699403,0.8549008670959892,5.0,6,-48.33333333,-48.33333333
6.400000095,146,0.5191175,30,19526.50180499914,31.318639700000006,0.5306364,19.01598355699403,0.8549008670959892,5.0,6,-48.33333333,-48.33333333
5.599999905,146,0.5191175,30,19526.50180499914,31.318639700000006,0.5306364,19.01598355699403,0.8549008670959892,5.0,6,-48.33333333,-48.33333333
9.899999619,197,0.19322655,30,19391.916275078678,35.02206437000001,0.39527732,15.1267175386885,0.882371583591096,5.1,6,-49.1167,-49.1167
5.099999905,197,0.19322655,30,19391.916275078678,35.02206437000001,0.39527732,15.1267175386885,0.882371583591096,5.1,6,-49.1167,-49.1167
0.0,197,0.19322655,30,19391.916275078678,35.02206437000001,0.39527732,15.1267175386885,0.882371583591096,5.1,6,-49.1167,-49.1167
6.400000095,197,0.19322655,30,19391.916275078678,35.02206437000001,0.39527732,15.1267175386885,0.882371583591096,5.1,6,-49.1167,-49.1167
3.0,197,0.19322655,30,19391.916275078678,35.02206437000001,0.39527732,15.1267175386885,0.882371583591096,5.1,6,-49.1167,-49.1167
4.900000095,177,0.52106893,30,19561.52960786771,32.77300721000006,0.43835723,24.889418874459512,0.8656888595912992,5.0,6,-48.5,-48.5
1.799999952,177,0.52106893,30,19561.52960786771,32.77300721000006,0.43835723,24.889418874459512,0.8656888595912992,5.0,6,-48.5,-48.5
10.19999981,177,0.52106893,30,19561.52960786771,32.77300721000006,0.43835723,24.889418874459512,0.8656888595912992,5.0,6,-48.5,-48.5
4.800000191,177,0.52106893,30,19561.52960786771,32.77300721000006,0.43835723,24.889418874459512,0.8656888595912992,5.0,6,-48.5,-48.5
1.899999976,177,0.52106893,30,19561.52960786771,32.77300721000006,0.43835723,24.889418874459512,0.8656888595912992,5.0,6,-48.5,-48.5
2.599999905,177,0.52106893,30,19561.52960786771,32.77300721000006,0.43835723,24.889418874459512,0.8656888595912992,5.0,6,-48.5,-48.5
1.399999976,177,0.52106893,30,19561.52960786771,32.77300721000006,0.43835723,24.889418874459512,0.8656888595912992,5.0,6,-48.5,-48.5
44.79999924,117,0.65765715,10,18909.139297307735,31.166196008000043,0.49278086,17.817960621474327,0.8537700927944835,4.7,6,-48.0833,-48.0833
10.60000038,117,0.65765715,10,18909.139297307735,31.166196008000043,0.49278086,17.817960621474327,0.8537700927944835,4.7,6,-48.0833,-48.0833
5.300000191,117,0.65765715,10,18909.139297307735,31.166196008000043,0.49278086,17.817960621474327,0.8537700927944835,4.7,6,-48.0833,-48.0833
3.599999905,117,0.65765715,10,18909.139297307735,31.166196008000043,0.49278086,17.817960621474327,0.8537700927944835,4.7,6,-48.0833,-48.0833
22.60000038,117,0.65765715,10,18909.139297307735,31.166196008000043,0.49278086,17.817960621474327,0.8537700927944835,4.7,6,-48.0833,-48.0833
0.0,406,0.80628383,30,19561.196572117162,28.052721590000033,0.41294172,14.993186146063977,0.8306754221388372,5.3,6,-48.5333,-48.5333
6.400000095,406,0.80628383,30,19561.196572117162,28.052721590000033,0.41294172,14.993186146063977,0.8306754221388372,5.3,6,-48.5333,-48.5333
6.900000095,406,0.80628383,30,19561.196572117162,28.052721590000033,0.41294172,14.993186146063977,0.8306754221388372,5.3,6,-48.5333,-48.5333
4.800000191,214,0.38102075,30,19779.20860691092,32.17143569000001,0.52221787,15.532182646796663,0.8612266112266115,5.2,6,-48.45166989,-48.45166989
2.900000095,214,0.38102075,30,19779.20860691092,32.17143569000001,0.52221787,15.532182646796663,0.8612266112266115,5.2,6,-48.45166989,-48.45166989
6.900000095,214,0.38102075,30,19779.20860691092,32.17143569000001,0.52221787,15.532182646796663,0.8612266112266115,5.2,6,-48.45166989,-48.45166989
4.800000191,214,0.38102075,30,19779.20860691092,32.17143569000001,0.52221787,15.532182646796663,0.8612266112266115,5.2,6,-48.45166989,-48.45166989
3.0,280,0.33140898,40,17591.986812306735,35.79453689000002,0.29933622,16.414571826995136,0.8881015161502969,5.3,6,-48.3,-48.3
2.0,280,0.33140898,40,17591.986812306735,35.79453689000002,0.29933622,16.414571826995136,0.8881015161502969,5.3,6,-48.3,-48.3
1.0,280,0.33140898,40,17591.986812306735,35.79453689000002,0.29933622,16.414571826995136,0.8881015161502969,5.3,6,-48.3,-48.3
1.0,280,0.33140898,40,17591.986812306735,35.79453689000002,0.29933622,16.414571826995136,0.8881015161502969,5.3,6,-48.3,-48.3
1.0,280,0.33140898,40,17591.986812306735,35.79453689000002,0.29933622,16.414571826995136,0.8881015161502969,5.3,6,-48.3,-48.3
3.0,280,0.33140898,40,17591.986812306735,35.79453689000002,0.29933622,16.414571826995136,0.8881015161502969,5.3,6,-48.3,-48.3
10.0,286,0.17330672,10,18138.537107486238,29.58057653000003,0.59639204,16.379480507183867,0.8420085188377875,5.2,6,-48.05,-48.05
3.0,286,0.17330672,10,18138.537107486238,29.58057653000003,0.59639204,16.379480507183867,0.8420085188377875,5.2,6,-48.05,-48.05
15.0,286,0.17330672,10,18138.537107486238,29.58057653000003,0.59639204,16.379480507183867,0.8420085188377875,5.2,6,-48.05,-48.05
7.0,286,0.17330672,10,18138.537107486238,29.58057653000003,0.59639204,16.379480507183867,0.8420085188377875,5.2,6,-48.05,-48.05
4.0,286,0.17330672,10,18138.537107486238,29.58057653000003,0.59639204,16.379480507183867,0.8420085188377875,5.2,6,-48.05,-48.05
16.0,291,0.35250127,10,18713.221520080377,31.071175052,0.441699,14.993186146063977,0.8530652603823337,5.1,6,-48.1833,-48.1833
6.0,291,0.35250127,10,18713.221520080377,31.071175052,0.441699,14.993186146063977,0.8530652603823337,5.1,6,-48.1833,-48.1833
12.0,291,0.35250127,10,18713.221520080377,31.071175052,0.441699,14.993186146063977,0.8530652603823337,5.1,6,-48.1833,-48.1833
10.0,291,0.35250127,10,18713.221520080377,31.071175052,0.441699,14.993186146063977,0.8530652603823337,5.1,6,-48.1833,-48.1833
9.0,291,0.35250127,10,18713.221520080377,31.071175052,0.441699,14.993186146063977,0.8530652603823337,5.1,6,-48.1833,-48.1833
14.0,276,0.14132144,30,17872.772964997122,32.93707217000002,0.482358,16.93909629511929,0.8669058364180319,5.3,6,-48.8333,-48.8333
6.0,276,0.14132144,30,17872.772964997122,32.93707217000002,0.482358,16.93909629511929,0.8669058364180319,5.3,6,-48.8333,-48.8333
9.0,276,0.14132144,30,17872.772964997122,32.93707217000002,0.482358,16.93909629511929,0.8669058364180319,5.3,6,-48.8333,-48.8333
8.0,276,0.14132144,30,17872.772964997122,32.93707217000002,0.482358,16.93909629511929,0.8669058364180319,5.3,6,-48.8333,-48.8333
5.0,276,0.14132144,30,17872.772964997122,32.93707217000002,0.482358,16.93909629511929,0.8669058364180319,5.3,6,-48.8333,-48.8333
16.0,276,0.14132144,30,17872.772964997122,32.93707217000002,0.482358,16.93909629511929,0.8669058364180319,5.3,6,-48.8333,-48.8333
12.0,251,0.44561866,30,17696.79525191199,35.19353504000003,0.3723641,14.839035466236718,0.8836434933995914,5.3,6,-48.26667,-48.26667
6.0,251,0.44561866,30,17696.79525191199,35.19353504000003,0.3723641,14.839035466236718,0.8836434933995914,5.3,6,-48.26667,-48.26667
4.0,251,0.44561866,30,17696.79525191199,35.19353504000003,0.3723641,14.839035466236718,0.8836434933995914,5.3,6,-48.26667,-48.26667
2.0,251,0.44561866,30,17696.79525191199,35.19353504000003,0.3723641,14.839035466236718,0.8836434933995914,5.3,6,-48.26667,-48.26667
10.0,251,0.44561866,30,17696.79525191199,35.19353504000003,0.3723641,14.839035466236718,0.8836434933995914,5.3,6,-48.26667,-48.26667
5.0,288,0.69558406,30,18720.806527434557,32.49614759000002,0.4008584,14.993186146063977,0.8636352111961871,5.2,6,-48.8833,-48.8833
8.0,288,0.69558406,30,18720.806527434557,32.49614759000002,0.4008584,14.993186146063977,0.8636352111961871,5.2,6,-48.8833,-48.8833
6.0,288,0.69558406,30,18720.806527434557,32.49614759000002,0.4008584,14.993186146063977,0.8636352111961871,5.2,6,-48.8833,-48.8833
6.0,288,0.69558406,30,18720.806527434557,32.49614759000002,0.4008584,14.993186146063977,0.8636352111961871,5.2,6,-48.8833,-48.8833
4.0,288,0.69558406,30,18720.806527434557,32.49614759000002,0.4008584,14.993186146063977,0.8636352111961871,5.2,6,-48.8833,-48.8833
5.0,288,0.69558406,30,18720.806527434557,32.49614759000002,0.4008584,14.993186146063977,0.8636352111961871,5.2,6,-48.8833,-48.8833
3.0,209,0.5038946,30,20177.81807964812,34.65120920000004,0.44672754,15.244500574344883,0.879620708889002,5.3,6,-48.15,-48.15
2.0,209,0.5038946,30,20177.81807964812,34.65120920000004,0.44672754,15.244500574344883,0.879620708889002,5.3,6,-48.15,-48.15
1.0,209,0.5038946,30,20177.81807964812,34.65120920000004,0.44672754,15.244500574344883,0.879620708889002,5.3,6,-48.15,-48.15
8.0,209,0.5038946,30,20177.81807964812,34.65120920000004,0.44672754,15.244500574344883,0.879620708889002,5.3,6,-48.15,-48.15
1.0,209,0.5038946,30,20177.81807964812,34.65120920000004,0.44672754,15.244500574344883,0.879620708889002,5.3,6,-48.15,-48.15
4.0,236,1.2081888,10,17494.069891223273,33.03220706000002,0.5296047,15.244500574344883,0.8676115139529776,5.3,6,-49.41667,-49.41667
2.0,236,1.2081888,10,17494.069891223273,33.03220706000002,0.5296047,15.244500574344883,0.8676115139529776,5.3,6,-49.41667,-49.41667
2.0,236,1.2081888,10,17494.069891223273,33.03220706000002,0.5296047,15.244500574344883,0.8676115139529776,5.3,6,-49.41667,-49.41667
7.0,236,1.2081888,10,17494.069891223273,33.03220706000002,0.5296047,15.244500574344883,0.8676115139529776,5.3,6,-49.41667,-49.41667
4.0,236,1.2081888,10,17494.069891223273,33.03220706000002,0.5296047,15.244500574344883,0.8676115139529776,5.3,6,-49.41667,-49.41667
3.0,236,1.2081888,10,17494.069891223273,33.03220706000002,0.5296047,15.244500574344883,0.8676115139529776,5.3,6,-49.41667,-49.41667
9.0,195,0.03947928,30,17779.25215592921,33.77277806000001,0.45888242,16.414571826995136,0.8731048121292025,5.6,6,-50.46667,-50.46667
65.0,195,0.03947928,30,17779.25215592921,33.77277806000001,0.45888242,16.414571826995136,0.8731048121292025,5.6,6,-50.46667,-50.46667
20.0,195,0.03947928,30,17779.25215592921,33.77277806000001,0.45888242,16.414571826995136,0.8731048121292025,5.6,6,-50.46667,-50.46667
45.0,195,0.03947928,30,17779.25215592921,33.77277806000001,0.45888242,16.414571826995136,0.8731048121292025,5.6,6,-50.46667,-50.46667
3.0,195,0.03947928,30,17779.25215592921,33.77277806000001,0.45888242,16.414571826995136,0.8731048121292025,5.6,6,-50.46667,-50.46667
7.0,262,0.6873228,10,17922.876818272358,31.604044369999997,0.39600253,14.993186146063977,0.8570178997008266,5.3,6,-48.46667,-48.46667
3.0,262,0.6873228,10,17922.876818272358,31.604044369999997,0.39600253,14.993186146063977,0.8570178997008266,5.3,6,-48.46667,-48.46667
4.0,262,0.6873228,10,17922.876818272358,31.604044369999997,0.39600253,14.993186146063977,0.8570178997008266,5.3,6,-48.46667,-48.46667
2.0,262,0.6873228,10,17922.876818272358,31.604044369999997,0.39600253,14.993186146063977,0.8570178997008266,5.3,6,-48.46667,-48.46667
11.0,262,0.6873228,10,17922.876818272358,31.604044369999997,0.39600253,14.993186146063977,0.8570178997008266,5.3,6,-48.46667,-48.46667
86.0,188,0.03937904,10,18044.84878642977,34.169268380000005,0.38215068,18.91939378648408,0.8760458394604738,5.3,4,-50.51667,-50.51667
41.0,188,0.03937904,10,18044.84878642977,34.169268380000005,0.38215068,18.91939378648408,0.8760458394604738,5.3,4,-50.51667,-50.51667
3.0,188,0.03937904,10,18044.84878642977,34.169268380000005,0.38215068,18.91939378648408,0.8760458394604738,5.3,4,-50.51667,-50.51667
2.0,188,0.03937904,10,18044.84878642977,34.169268380000005,0.38215068,18.91939378648408,0.8760458394604738,5.3,4,-50.51667,-50.51667
2.0,188,0.03937904,10,18044.84878642977,34.169268380000005,0.38215068,18.91939378648408,0.8760458394604738,5.3,4,-50.51667,-50.51667
7.0,193,0.0395015,20,16542.652992064453,33.88557272000003,0.43222082,16.13831845036698,0.8739414836975816,5.6,6,-49.8,-49.8
80.0,193,0.0395015,20,16542.652992064453,33.88557272000003,0.43222082,16.13831845036698,0.8739414836975816,5.6,6,-49.8,-49.8
13.0,193,0.0395015,20,16542.652992064453,33.88557272000003,0.43222082,16.13831845036698,0.8739414836975816,5.6,6,-49.8,-49.8
6.0,193,0.0395015,20,16542.652992064453,33.88557272000003,0.43222082,16.13831845036698,0.8739414836975816,5.6,6,-49.8,-49.8
24.0,193,0.0395015,20,16542.652992064453,33.88557272000003,0.43222082,16.13831845036698,0.8739414836975816,5.6,6,-49.8,-49.8
5.0,193,0.0395015,20,16542.652992064453,33.88557272000003,0.43222082,16.13831845036698,0.8739414836975816,5.6,6,-49.8,-49.8
70.0,191,0.03864545,90,17438.100566943234,30.16334893999999,0.5420116,17.190410723400195,0.8463313219410781,5.4,6,-50.3,-50.3
7.0,191,0.03864545,90,17438.100566943234,30.16334893999999,0.5420116,17.190410723400195,0.8463313219410781,5.4,6,-50.3,-50.3
1.0,191,0.03864545,90,17438.100566943234,30.16334893999999,0.5420116,17.190410723400195,0.8463313219410781,5.4,6,-50.3,-50.3
3.0,191,0.03864545,90,17438.100566943234,30.16334893999999,0.5420116,17.190410723400195,0.8463313219410781,5.4,6,-50.3,-50.3
47.0,191,0.03864545,90,17438.100566943234,30.16334893999999,0.5420116,17.190410723400195,0.8463313219410781,5.4,6,-50.3,-50.3
2.0,280,1.397275,30,19977.177463123062,35.34164924000004,0.36133254,14.656713909442765,0.8847421530348364,5.3,6,-48.3333,-48.3333
5.0,280,1.397275,30,19977.177463123062,35.34164924000004,0.36133254,14.656713909442765,0.8847421530348364,5.3,6,-48.3333,-48.3333
0.300000012,280,1.397275,30,19977.177463123062,35.34164924000004,0.36133254,14.656713909442765,0.8847421530348364,5.3,6,-48.3333,-48.3333
4.0,280,1.397275,30,19977.177463123062,35.34164924000004,0.36133254,14.656713909442765,0.8847421530348364,5.3,6,-48.3333,-48.3333
1.0,280,1.397275,30,19977.177463123062,35.34164924000004,0.36133254,14.656713909442765,0.8847421530348364,5.3,6,-48.3333,-48.3333
4.0,245,0.69130325,30,19752.075119741025,32.82256849999999,0.34311724,16.266151821876864,0.8660564880077076,5.3,6,-48.4167,-48.4167
1.0,245,0.69130325,30,19752.075119741025,32.82256849999999,0.34311724,16.266151821876864,0.8660564880077076,5.3,6,-48.4167,-48.4167
1.0,245,0.69130325,30,19752.075119741025,32.82256849999999,0.34311724,16.266151821876864,0.8660564880077076,5.3,6,-48.4167,-48.4167
2.0,245,0.69130325,30,19752.075119741025,32.82256849999999,0.34311724,16.266151821876864,0.8660564880077076,5.3,6,-48.4167,-48.4167
1.0,245,0.69130325,30,19752.075119741025,32.82256849999999,0.34311724,16.266151821876864,0.8660564880077076,5.3,6,-48.4167,-48.4167
5.0,326,3.6153865,30,18251.774289940757,34.25471888000004,0.43909383,14.656713909442765,0.8766796815577308,5.3,6,-48.3833,-48.3833
3.0,326,3.6153865,30,18251.774289940757,34.25471888000004,0.43909383,14.656713909442765,0.8766796815577308,5.3,6,-48.3833,-48.3833
1.0,326,3.6153865,30,18251.774289940757,34.25471888000004,0.43909383,14.656713909442765,0.8766796815577308,5.3,6,-48.3833,-48.3833
2.0,326,3.6153865,30,18251.774289940757,34.25471888000004,0.43909383,14.656713909442765,0.8766796815577308,5.3,6,-48.3833,-48.3833
1.0,326,3.6153865,30,18251.774289940757,34.25471888000004,0.43909383,14.656713909442765,0.8766796815577308,5.3,6,-48.3833,-48.3833
6.0,369,0.71335524,10,15863.02074047546,32.836810249999985,0.48600164,14.839035466236718,0.8661621283572504,5.4,6,-48.05,-48.05
10.0,369,0.71335524,10,15863.02074047546,32.836810249999985,0.48600164,14.839035466236718,0.8661621283572504,5.4,6,-48.05,-48.05
6.0,369,0.71335524,10,15863.02074047546,32.836810249999985,0.48600164,14.839035466236718,0.8661621283572504,5.4,6,-48.05,-48.05
6.0,369,0.71335524,10,15863.02074047546,32.836810249999985,0.48600164,14.839035466236718,0.8661621283572504,5.4,6,-48.05,-48.05
16.0,234,0.69858044,30,16969.000997159765,32.847471217142925,0.5177648,17.783474445403158,0.866241207704623,5.3,6,-49.6,-49.6
6.0,234,0.69858044,30,16969.000997159765,32.847471217142925,0.5177648,17.783474445403158,0.866241207704623,5.3,6,-49.6,-49.6
6.0,234,0.69858044,30,16969.000997159765,32.847471217142925,0.5177648,17.783474445403158,0.866241207704623,5.3,6,-49.6,-49.6
5.0,234,0.69858044,30,16969.000997159765,32.847471217142925,0.5177648,17.783474445403158,0.866241207704623,5.3,6,-49.6,-49.6
7.0,234,0.69858044,30,16969.000997159765,32.847471217142925,0.5177648,17.783474445403158,0.866241207704623,5.3,6,-49.6,-49.6
22.89999962,634,2.4275672,30,15164.962455355932,29.441007379999974,0.51751065,16.22532982735661,0.8409732434122678,5.8,1,-46.8,-46.8
9.300000191,634,2.4275672,30,15164.962455355932,29.441007379999974,0.51751065,16.22532982735661,0.8409732434122678,5.8,1,-46.8,-46.8
5.199999809,634,2.4275672,30,15164.962455355932,29.441007379999974,0.51751065,16.22532982735661,0.8409732434122678,5.8,1,-46.8,-46.8
3.200000048,634,2.4275672,30,15164.962455355932,29.441007379999974,0.51751065,16.22532982735661,0.8409732434122678,5.8,1,-46.8,-46.8
5.199999809,634,2.4275672,30,15164.962455355932,29.441007379999974,0.51751065,16.22532982735661,0.8409732434122678,5.8,1,-46.8,-46.8
23.0,416,0.19489782,10,16746.065612518487,32.997571124000046,0.48349896,17.107719007555083,0.8673545966228898,6.0,4,-46.55493984,-46.55493984
12.30000019,416,0.19489782,10,16746.065612518487,32.997571124000046,0.48349896,17.107719007555083,0.8673545966228898,6.0,4,-46.55493984,-46.55493984
5.599999905,416,0.19489782,10,16746.065612518487,32.997571124000046,0.48349896,17.107719007555083,0.8673545966228898,6.0,4,-46.55493984,-46.55493984
7.0,416,0.19489782,10,16746.065612518487,32.997571124000046,0.48349896,17.107719007555083,0.8673545966228898,6.0,4,-46.55493984,-46.55493984
12.10000038,352,0.28781766,20,15347.165461723247,33.87417932000005,0.4492676,14.433570358128554,0.8738569714179476,5.5,6,-47.55,-47.55
7.699999809,352,0.28781766,20,15347.165461723247,33.87417932000005,0.4492676,14.433570358128554,0.8738569714179476,5.5,6,-47.55,-47.55
1.100000024,411,0.4705544,20,15717.787061848456,32.00224370000001,0.44498283,15.445171269807034,0.8599716038740431,5.6,6,-47.05,-47.05
3.099999905,411,0.4705544,20,15717.787061848456,32.00224370000001,0.44498283,15.445171269807034,0.8599716038740431,5.6,6,-47.05,-47.05
1.600000024,343,0.5463594,10,15272.810415572487,31.217238440000017,0.48525232,17.662396513849924,0.8541487078072446,5.5,6,-47.43333,-47.43333
18.0,426,0.5266727,10,16722.091977790995,33.12677228000001,0.5104656,16.853938486778983,0.8683129658739417,5.7,6,-46.56667,-46.56667
9.399999619,426,0.5266727,10,16722.091977790995,33.12677228000001,0.5104656,16.853938486778983,0.8683129658739417,5.7,6,-46.56667,-46.56667
5.099999905,426,0.5266727,10,16722.091977790995,33.12677228000001,0.5104656,16.853938486778983,0.8683129658739417,5.7,6,-46.56667,-46.56667
3.0,625,0.627165,30,14972.66803495124,31.41092623999998,0.4099539,15.445171269807034,0.8555854165610263,5.4,6,-46.86667,-46.86667
1.600000024,625,0.627165,30,14972.66803495124,31.41092623999998,0.4099539,15.445171269807034,0.8555854165610263,5.4,6,-46.86667,-46.86667
2.299999952,625,0.627165,30,14972.66803495124,31.41092623999998,0.4099539,15.445171269807034,0.8555854165610263,5.4,6,-46.86667,-46.86667
3.0,366,0.21230714,30,16591.149256453442,32.428688304363675,0.5280338,18.256762149850083,0.8631348216714074,5.4,6,-46.71667,-46.71667
3.400000095,366,0.21230714,30,16591.149256453442,32.428688304363675,0.5280338,18.256762149850083,0.8631348216714074,5.4,6,-46.71667,-46.71667
2.400000095,366,0.21230714,30,16591.149256453442,32.428688304363675,0.5280338,18.256762149850083,0.8631348216714074,5.4,6,-46.71667,-46.71667
1.799999952,366,0.21230714,30,16591.149256453442,32.428688304363675,0.5280338,18.256762149850083,0.8631348216714074,5.4,6,-46.71667,-46.71667
19.70000076,1130,4.855639,20,15132.018109022356,27.302466200000026,0.4026248,15.244500574344883,0.825110288524923,5.5,6,-47.68333,-47.68333
8.399999619,1130,4.855639,20,15132.018109022356,27.302466200000026,0.4026248,15.244500574344883,0.825110288524923,5.5,6,-47.68333,-47.68333
11.10000038,250,1.3054823,30,18419.12264846987,32.17998074000002,0.43511137,17.07262768774381,0.8612899954363372,4.9,6,-47.53779334,-47.53779334
2.200000048,250,1.3054823,30,18419.12264846987,32.17998074000002,0.43511137,17.07262768774381,0.8612899954363372,4.9,6,-47.53779334,-47.53779334
1.200000048,250,1.3054823,30,18419.12264846987,32.17998074000002,0.43511137,17.07262768774381,0.8612899954363372,4.9,6,-47.53779334,-47.53779334
1.799999952,250,1.3054823,30,18419.12264846987,32.17998074000002,0.43511137,17.07262768774381,0.8612899954363372,4.9,6,-47.53779334,-47.53779334
2.799999952,250,1.3054823,30,18419.12264846987,32.17998074000002,0.43511137,17.07262768774381,0.8612899954363372,4.9,6,-47.53779334,-47.53779334
1.5,250,1.3054823,30,18419.12264846987,32.17998074000002,0.43511137,17.07262768774381,0.8612899954363372,4.9,6,-47.53779334,-47.53779334
1.600000024,250,1.3054823,30,18419.12264846987,32.17998074000002,0.43511137,17.07262768774381,0.8612899954363372,4.9,6,-47.53779334,-47.53779334
4.400000095,250,1.3054823,30,18419.12264846987,32.17998074000002,0.43511137,17.07262768774381,0.8612899954363372,4.9,6,-47.53779334,-47.53779334
5.300000191,250,1.3054823,30,18419.12264846987,32.17998074000002,0.43511137,17.07262768774381,0.8612899954363372,4.9,6,-47.53779334,-47.53779334
3.599999905,250,1.3054823,30,18419.12264846987,32.17998074000002,0.43511137,17.07262768774381,0.8612899954363372,4.9,6,-47.53779334,-47.53779334
44.79999924,250,1.3054823,30,18419.12264846987,32.17998074000002,0.43511137,17.07262768774381,0.8612899954363372,4.9,6,-47.53779334,-47.53779334
22.60000038,250,1.3054823,30,18419.12264846987,32.17998074000002,0.43511137,17.07262768774381,0.8612899954363372,4.9,6,-47.53779334,-47.53779334
10.60000038,250,1.3054823,30,18419.12264846987,32.17998074000002,0.43511137,17.07262768774381,0.8612899954363372,4.9,6,-47.53779334,-47.53779334
15.89999962,250,1.3054823,30,18419.12264846987,32.17998074000002,0.43511137,17.07262768774381,0.8612899954363372,4.9,6,-47.53779334,-47.53779334
9.800000191,250,1.3054823,30,18419.12264846987,32.17998074000002,0.43511137,17.07262768774381,0.8612899954363372,4.9,6,-47.53779334,-47.53779334
3.400000095,250,1.3054823,30,18419.12264846987,32.17998074000002,0.43511137,17.07262768774381,0.8612899954363372,4.9,6,-47.53779334,-47.53779334
6.800000191,250,1.3054823,30,18419.12264846987,32.17998074000002,0.43511137,17.07262768774381,0.8612899954363372,4.9,6,-47.53779334,-47.53779334
11.69999981,250,1.3054823,30,18419.12264846987,32.17998074000002,0.43511137,17.07262768774381,0.8612899954363372,4.9,6,-47.53779334,-47.53779334
36.90000153,250,1.3054823,30,18419.12264846987,32.17998074000002,0.43511137,17.07262768774381,0.8612899954363372,4.9,6,-47.53779334,-47.53779334
0.0,537,6.4768834,10,14886.428244389497,33.85691393692309,0.4014961,16.89742359871872,0.8737289028095785,6.0,4,-46.48333333,-46.48333333
0.0,537,6.4768834,10,14886.428244389497,33.85691393692309,0.4014961,16.89742359871872,0.8737289028095785,6.0,4,-46.48333333,-46.48333333
0.0,402,0.52802944,30,14960.155965974565,37.324955345000035,0.39490038,20.174166805907472,0.8994536281121651,6.0,4,-46.58333333,-46.58333333
0.0,402,0.52802944,30,14960.155965974565,37.324955345000035,0.39490038,20.174166805907472,0.8994536281121651,6.0,4,-46.58333333,-46.58333333
0.0,459,0.2498968,30,14602.578849260124,32.14384738571431,0.475045,16.93909629511929,0.8610219707780686,5.9,4,-46.418354,-46.418354
0.0,459,0.2498968,30,14602.578849260124,32.14384738571431,0.475045,16.93909629511929,0.8610219707780686,5.9,4,-46.418354,-46.418354
5.6,665,0.46278715,10,14849.164645367027,32.115721964000045,0.4158182,14.656713909442765,0.8608133461792004,5.9,4,-46.56666667,-46.56666667
22.1,492,2.6908193,10,15655.838346126739,34.724126960000035,0.43453366,18.436347726825165,0.880161587478661,5.8,4,-46.43333333,-46.43333333
5.8,492,2.6908193,10,15655.838346126739,34.724126960000035,0.43453366,18.436347726825165,0.880161587478661,5.8,4,-46.43333333,-46.43333333
12.0,290,1.0824172,10,17660.51569883029,34.68652874000003,0.42628494,16.043008270562655,0.8798826969558681,5.3,6,-49.292047,-49.292047
8.0,290,1.0824172,10,17660.51569883029,34.68652874000003,0.42628494,16.043008270562655,0.8798826969558681,5.3,6,-49.292047,-49.292047
5.0,290,1.0824172,10,17660.51569883029,34.68652874000003,0.42628494,16.043008270562655,0.8798826969558681,5.3,6,-49.292047,-49.292047
2.0,290,1.0824172,10,17660.51569883029,34.68652874000003,0.42628494,16.043008270562655,0.8798826969558681,5.3,6,-49.292047,-49.292047
12.0,287,0.1629331,30,16637.375876162252,35.59970974999999,0.3891157,14.433570358128554,0.8866563561685513,5.3,6,-48.83333333,-48.83333333
7.0,287,0.1629331,30,16637.375876162252,35.59970974999999,0.3891157,14.433570358128554,0.8866563561685513,5.3,6,-48.83333333,-48.83333333
5.0,287,0.1629331,30,16637.375876162252,35.59970974999999,0.3891157,14.433570358128554,0.8866563561685513,5.3,6,-48.83333333,-48.83333333
3.0,287,0.1629331,30,16637.375876162252,35.59970974999999,0.3891157,14.433570358128554,0.8866563561685513,5.3,6,-48.83333333,-48.83333333
3.0,287,0.1629331,30,16637.375876162252,35.59970974999999,0.3891157,14.433570358128554,0.8866563561685513,5.3,6,-48.83333333,-48.83333333
15.0,395,1.4317812,30,15898.977715007553,32.18852579000003,0.51384366,15.819864719248445,0.861353379646063,5.5,6,-48.38333333,-48.38333333
13.0,395,1.4317812,30,15898.977715007553,32.18852579000003,0.51384366,15.819864719248445,0.861353379646063,5.5,6,-48.38333333,-48.38333333
7.0,395,1.4317812,30,15898.977715007553,32.18852579000003,0.51384366,15.819864719248445,0.861353379646063,5.5,6,-48.38333333,-48.38333333
2.0,395,1.4317812,30,15898.977715007553,32.18852579000003,0.51384366,15.819864719248445,0.861353379646063,5.5,6,-48.38333333,-48.38333333
1.0,395,1.4317812,30,15898.977715007553,32.18852579000003,0.51384366,15.819864719248445,0.861353379646063,5.5,6,-48.38333333,-48.38333333
36.0,365,1.113246,30,15008.845201441878,33.59333201000004,0.46650767,15.1267175386885,0.8717737437249636,5.6,6,-48.28333333,-48.28333333
24.0,365,1.113246,30,15008.845201441878,33.59333201000004,0.46650767,15.1267175386885,0.8717737437249636,5.6,6,-48.28333333,-48.28333333
8.0,365,1.113246,30,15008.845201441878,33.59333201000004,0.46650767,15.1267175386885,0.8717737437249636,5.6,6,-48.28333333,-48.28333333
8.0,365,1.113246,30,15008.845201441878,33.59333201000004,0.46650767,15.1267175386885,0.8717737437249636,5.6,6,-48.28333333,-48.28333333
3.0,365,1.113246,30,15008.845201441878,33.59333201000004,0.46650767,15.1267175386885,0.8717737437249636,5.6,6,-48.28333333,-48.28333333
19.0,431,0.23187147,30,14860.654541701522,39.378330860000005,0.32479912,14.433570358128554,0.9146848537092441,5.6,4,-46.53333333,-46.53333333
10.7,431,0.23187147,30,14860.654541701522,39.378330860000005,0.32479912,14.433570358128554,0.9146848537092441,5.6,4,-46.53333333,-46.53333333
6.7,431,0.23187147,30,14860.654541701522,39.378330860000005,0.32479912,14.433570358128554,0.9146848537092441,5.6,4,-46.53333333,-46.53333333
5.4,431,0.23187147,30,14860.654541701522,39.378330860000005,0.32479912,14.433570358128554,0.9146848537092441,5.6,4,-46.53333333,-46.53333333
3.5,199,0.05527413,10,16652.375172225074,28.567133600000034,0.69172204,17.2216632669043,0.8344911515643226,5.4,6,-49.9,-49.9
4.0,201,0.03864545,30,16743.235122912967,31.957809440000005,0.5469935,21.627631763382542,0.8596420059834696,5.6,6,-49.7833,-49.7833
6.7,268,0.6336806,30,17332.11455234456,34.299153140000044,0.39977074,14.433570358128554,0.8770092794483043,5.3,6,-48.4333,-48.4333
27.3,395,1.4317812,30,15898.977715007553,32.18852579000003,0.51384366,15.819864719248445,0.861353379646063,5.5,6,-48.3833,-48.3833
3.5,199,0.05527413,10,16652.375172225074,28.567133600000034,0.69172204,17.2216632669043,0.8344911515643226,5.4,6,-49.9,-49.9
36.4,467,3.128152,10,20111.347765405677,30.090431179999996,0.5105188,14.839035466236718,0.8457904433514191,5.3,6,-48.9,-48.9
8.9,372,3.9301097,10,19972.996507349977,32.94937704200004,0.43832687,16.414571826995136,0.866997109680037,5.4,6,-48.6833,-48.6833
4.0,194,0.49468628,30,19909.79010976945,40.04142674000002,0.34630844,20.356488362701427,0.9196034683839565,4.9,6,-49.9333,-49.9333
35.0,372,3.9301097,10,19972.996507349977,32.94937704200004,0.43832687,16.414571826995136,0.866997109680037,5.4,6,-48.6833,-48.6833
12.0,455,4.313253,10,20486.78526673683,31.134750224000015,0.48331386,15.445171269807034,0.8535368389026928,5.3,6,-48.6833,-48.6833
4.0,241,0.5806083,30,18823.959989975156,33.63801041428576,0.46883407,16.543783558475145,0.872105152592958,5.2,6,-49.2667,-49.2667
40.0,274,0.48801237,30,17694.43405972617,34.57259474,0.2949803,16.543783558475145,0.8790375741595255,5.2,6,-48.8833,-48.8833
4.0,455,4.313253,10,20486.78526673683,31.134750224000015,0.48331386,15.445171269807034,0.8535368389026928,5.3,6,-48.6833,-48.6833
18.6,386,0.9201616,40,19728.709301357943,32.39189798000001,0.5130664,15.88048934106488,0.8628619238375338,5.1,6,-48.6833,-48.6833
2.0,396,2.6828723,30,18000.098646065984,33.71723523500003,0.4281191,15.445171269807034,0.8726928147659859,5.6,6,-48.4833,-48.4833
6.9,249,0.38601056,40,17760.99152648775,38.790431420000004,0.2896251,16.266151821876864,0.9103240200801178,5.3,6,-48.3333,-48.3333
3.1,201,0.03864545,30,16743.235122912967,31.957809440000005,0.5469935,21.627631763382542,0.8596420059834696,5.6,6,-49.7833,-49.7833
10.0,256,0.6377397,30,17287.392151372725,33.760245320000024,0.48170435,16.48126320149381,0.8730118486216051,5.3,6,-49.6667,-49.6667
10.7,256,0.6754635,30,19219.059834263106,38.622948440000016,0.35908955,15.532182646796663,0.9090816895694948,5.1,6,-49.3,-49.3
0.2,253,1.7348431,10,19303.98832948846,33.08518637000003,0.5143025,16.543783558475145,0.8680044960532769,5.2,6,-49.2167,-49.2167
2.6,395,1.4317812,30,15898.977715007553,32.18852579000003,0.51384366,15.819864719248445,0.861353379646063,5.5,6,-48.3833,-48.3833
6.8,381,2.355971,10,15661.091014603002,32.624323340000046,0.53218645,14.433570358128554,0.8645859743420724,5.5,6,-48.3167,-48.3167
22.8,388,0.07729086,30,15788.509405178367,33.021124389090915,0.51691127,15.1267175386885,0.867529306553697,5.4,6,-46.8667,-46.8667
3.4,388,0.07729086,30,15788.509405178367,33.021124389090915,0.51691127,15.1267175386885,0.867529306553697,5.4,6,-46.8667,-46.8667
3.0,652,0.91060585,30,15002.796403210483,32.05180499000005,0.40545964,16.379480507183867,0.8603392322904523,5.4,6,-46.8333,-46.8333
44.0,652,0.91060585,30,15002.796403210483,32.05180499000005,0.40545964,16.379480507183867,0.8603392322904523,5.4,6,-46.8333,-46.8333
70.0,507,1.9918485,10,14809.949802664181,34.74463508000002,0.460733,14.656713909442765,0.8803137095820026,5.8,4,-46.4167,-46.4167
3.4,645,1.3982093,30,14849.164645367027,33.81516150800002,0.39924467,14.656713909442765,0.873419197809442,5.9,4,-46.5833,-46.5833
12.0,430,1.3999441,30,15655.838346126739,34.72327245500003,0.47668836,18.436347726825165,0.8801552490576885,5.8,4,-46.45,-46.45
2.0,556,2.4182966,30,17670.409940300473,33.093959288000065,0.45259753,15.755326198110874,0.8680695705085956,5.8,4,-46.4333,-46.4333
59.0,249,0.38601056,40,17760.99152648775,38.790431420000004,0.2896251,16.266151821876864,0.9103240200801178,5.3,6,-48.3333,-48.3333
19.0,283,0.45279613,10,17826.446318403352,35.79624590000003,0.4138805,18.355543694409867,0.8881141929922421,5.5,6,-48.1667,-48.1667
4.0,195,0.07729086,10,17513.371416563456,35.53989439999998,0.4274013,14.433570358128554,0.8862126667004716,5.2,4,-50.6167,-50.6167
8.0,195,0.07729086,10,17513.371416563456,35.53989439999998,0.4274013,14.433570358128554,0.8862126667004716,5.2,4,-50.6167,-50.6167
58.0,274,0.48801237,30,17694.43405972617,34.57259474,0.2949803,16.543783558475145,0.8790375741595255,5.2,6,-48.8833,-48.8833
20.0,262,0.40129736,30,18570.59956247462,34.32307928,0.37464878,20.01800607515219,0.8771867552355359,5.5,6,-48.75,-48.75
5.0,256,0.6377397,30,17287.392151372725,33.760245320000024,0.48170435,16.48126320149381,0.8730118486216051,5.3,6,-49.6667,-49.6667
23.0,462,0.55669045,30,15536.01916333211,35.14682210000001,0.43852487,16.48126320149381,0.8832969930530908,5.5,6,-48.4167,-48.4167
17.0,289,1.0793511,30,16988.550768873727,34.690801265000005,0.44036376,15.686333326623922,0.8799143890607307,5.2,6,-49.3667,-49.3667
4.0,289,1.0793511,30,16988.550768873727,34.690801265000005,0.44036376,15.686333326623922,0.8799143890607307,5.2,6,-49.3667,-49.3667
6.0,462,0.55669045,30,15536.01916333211,35.14682210000001,0.43852487,16.48126320149381,0.8832969930530908,5.5,6,-48.4167,-48.4167
16.0,221,0.22681175,10,17133.246460557733,40.39690082000004,0.3152739,18.653078063304662,0.9222402515085446,5.3,6,-49.2833,-49.2833
3.8,194,0.49468628,30,19909.79010976945,40.04142674000002,0.34630844,20.356488362701427,0.9196034683839565,4.9,6,-49.9333,-49.9333
2.0,197,0.6232442,10,19917.063408725702,32.29334506999999,0.58107245,14.433570358128554,0.8621308926186976,5.2,6,-49.8833,-49.8833
1.5,386,0.9201616,40,19728.709301357943,32.39189798000001,0.5130664,15.88048934106488,0.8628619238375338,5.1,6,-48.6833,-48.6833
5.0,255,1.5474281,30,19407.647931600237,33.53351666000003,0.46169367,24.664642555097323,0.8713300542568839,5.3,6,-48.4333,-48.4333
19.2,253,1.7348431,10,19303.98832948846,33.08518637000003,0.5143025,16.543783558475145,0.8680044960532769,5.2,6,-49.2167,-49.2167
6.8,252,1.0463568,40,19794.49038726605,33.80467958000003,0.49191487,17.765774868303758,0.8733414465121786,5.3,6,-49.0833,-49.0833
30.3,283,0.45279613,10,17826.446318403352,35.79624590000003,0.4138805,18.355543694409867,0.8881141929922421,5.5,6,-48.1667,-48.1667
19.0,412,2.5106537,10,18020.36377993744,28.885009459999992,0.48875907,15.34986109000271,0.8368490441661174,5.2,6,-48.0333,-48.0333
38.4,221,0.22681175,10,17133.246460557733,40.39690082000004,0.3152739,18.653078063304662,0.9222402515085446,5.3,6,-49.2833,-49.2833
2.2,267,0.31857324,30,16864.62773140057,33.078350330000035,0.5297536,16.22532982735661,0.8679537886854964,5.4,6,-49.1333,-49.1333
19.9,381,2.355971,10,15661.091014603002,32.624323340000046,0.53218645,14.433570358128554,0.8645859743420724,5.5,6,-48.3167,-48.3167
5.9,304,0.95353985,10,15562.015527867123,31.44681545000003,0.47796053,15.244500574344883,0.8558516302418745,5.5,6,-48.1333,-48.1333
20.0,193,0.03936299,10,18740.297327624503,31.199009000000046,0.5278566,15.991714976175103,0.8540134881598301,5.1,6,-50.2833,-50.2833
4.5,252,1.0463568,40,19794.49038726605,33.80467958000003,0.49191487,17.765774868303758,0.8733414465121786,5.3,6,-49.0833,-49.0833
23.6,317,0.8788286,30,18415.88636081424,32.480766500000016,0.4392898,14.839035466236718,0.8635211196186808,5.2,6,-48.9333,-48.9333
2.0,188,0.087762594,20,18079.819378725773,32.778134239999986,0.516444,14.656713909442765,0.8657268901171341,5.6,6,-50.3,-50.3
28.0,188,0.087762594,20,18079.819378725773,32.778134239999986,0.516444,14.656713909442765,0.8657268901171341,5.6,6,-50.3,-50.3
6.0,451,1.2270287,30,16337.17629241701,36.46959584000001,0.37278685,16.13831845036698,0.893108868718625,5.9,4,-46.5333,-46.5333
22.0,451,1.2270287,30,16337.17629241701,36.46959584000001,0.37278685,16.13831845036698,0.893108868718625,5.9,4,-46.5333,-46.5333
30.0,558,0.404273,30,16530.172237088707,32.97467039000003,0.4459535,14.656713909442765,0.8671847269408248,5.8,4,-46.4667,-46.4667
7.0,416,0.85120374,20,15465.933426350915,31.261216964000027,0.5532231,14.839035466236718,0.8544749252066328,5.7,6,-47.05,-47.05
28.0,416,0.85120374,20,15465.933426350915,31.261216964000027,0.5532231,14.839035466236718,0.8544749252066328,5.7,6,-47.05,-47.05
12.0,404,0.2604346,20,16704.59949682739,32.41924214000005,0.52973515,16.343112863012994,0.8630647533086563,5.5,6,-46.65,-46.65
4.0,566,0.24984954,30,15655.838346126739,34.724126960000035,0.43453366,18.389610248973476,0.880161587478661,5.8,4,-46.4,-46.4
16.0,402,0.6195676,20,16241.707454729825,32.92608567714285,0.4991524,17.364764110544975,0.8668243424340987,5.3,6,-46.7167,-46.7167
28.0,197,0.6232442,10,19917.063408725702,32.29334506999999,0.58107245,14.433570358128554,0.8621308926186976,5.2,6,-49.8833,-49.8833
5.0,218,0.9671854,10,21006.181702553527,34.17610442,0.47594774,15.244500574344883,0.8760965468282543,5.0,6,-49.45,-49.45
24.0,255,1.5474281,30,19407.647931600237,33.53351666000003,0.46169367,24.664642555097323,0.8713300542568839,5.3,6,-48.4333,-48.4333
8.0,264,3.2264674,30,18580.21357824425,36.85925012000001,0.33359408,15.1267175386885,0.8959991886821158,5.3,6,-48.3833,-48.3833
15.0,193,0.03936299,10,18740.297327624503,31.199009000000046,0.5278566,15.991714976175103,0.8540134881598301,5.1,6,-50.2833,-50.2833
1.0,178,0.03864545,30,18019.934566808413,34.04792867000003,0.3901303,16.831465630926925,0.8751457836823694,5.3,4,-50.0833,-50.0833
10.0,317,0.8788286,30,18415.88636081424,32.480766500000016,0.4392898,14.839035466236718,0.8635211196186808,5.2,6,-48.9333,-48.9333
7.0,311,0.6857212,10,17957.884840104736,36.94470062000005,0.34288445,18.017089296584665,0.8966330307793727,5.3,6,-48.8,-48.8
5.0,412,2.5106537,10,18020.36377993744,28.885009459999992,0.48875907,15.34986109000271,0.8368490441661174,5.2,6,-48.0333,-48.0333
18.0,191,0.087867506,20,17235.177831503774,34.57259474,0.38553822,14.656713909442765,0.8790375741595255,5.4,4,-50.2333,-50.2333
13.0,191,0.087867506,20,17235.177831503774,34.57259474,0.38553822,14.656713909442765,0.8790375741595255,5.4,4,-50.2333,-50.2333
5.0,262,0.40129736,30,18570.59956247462,34.32307928,0.37464878,20.01800607515219,0.8771867552355359,5.5,6,-48.75,-48.75
24.0,301,0.6597877,30,17566.223739951114,35.03060942000002,0.3444442,15.1267175386885,0.8824349678008218,5.3,6,-48.15,-48.15
15.0,211,0.088182755,30,18463.80365449185,34.497398299999986,0.44366062,18.153221470909244,0.8784797931139395,5.5,6,-50.3,-50.3
2.0,267,0.31857324,30,16864.62773140057,33.078350330000035,0.5297536,16.22532982735661,0.8679537886854964,5.4,6,-49.1333,-49.1333
20.0,297,0.5302099,30,16713.77893341217,34.692225440000016,0.46366435,15.445171269807034,0.8799249530956851,5.3,6,-49.05,-49.05
2.0,304,0.95353985,10,15562.015527867123,31.44681545000003,0.47796053,15.244500574344883,0.8558516302418745,5.5,6,-48.1333,-48.1333
3.0,558,0.404273,30,16530.172237088707,32.97467039000003,0.4459535,14.656713909442765,0.8671847269408248,5.8,4,-46.4667,-46.4667
3.0,404,0.2604346,20,16704.59949682739,32.41924214000005,0.52973515,16.343112863012994,0.8630647533086563,5.5,6,-46.65,-46.65
13.0,525,2.201952,30,16487.18076205781,30.303487760000053,0.57794875,14.656713909442765,0.8473708229805796,5.8,4,-46.5333,-46.5333
9.0,429,1.1112765,30,16339.769130457316,30.304513165999992,0.5112318,15.532182646796663,0.8473784290857462,5.7,6,-47.0,-47.0
25.0,314,0.9408398,20,15095.675522053325,33.147850070000004,0.42727685,23.513089946173185,0.868469313591265,5.3,6,-47.9167,-47.9167
23.0,367,0.5401175,30,16377.403127928032,34.58474769999998,0.47785798,14.839035466236718,0.8791277205911352,5.5,6,-46.8,-46.8
1.4,218,0.9671854,10,21006.181702553527,34.17610442,0.47594774,15.244500574344883,0.8760965468282543,5.0,6,-49.45,-49.45
6.7,208,0.2705162,30,20442.488855996162,35.5071790657143,0.45994687,17.47809279585198,0.8859699957260935,5.2,6,-49.2667,-49.2667
14.4,264,3.2264674,30,18580.21357824425,36.85925012000001,0.33359408,15.1267175386885,0.8959991886821158,5.3,6,-48.3833,-48.3833
5.7,297,0.7311686,20,18614.312613249083,32.71319186000005,0.4443801,17.691666896150036,0.8652451701232194,5.1,6,-48.2167,-48.2167
15.1,199,0.278792,30,16899.71421820583,28.52269934000003,0.6053241,15.445171269807034,0.8341615536737491,5.3,6,-49.95,-49.95
2.0,199,0.278792,30,16899.71421820583,28.52269934000003,0.6053241,15.445171269807034,0.8341615536737491,5.3,6,-49.95,-49.95
0.5,211,0.088182755,30,18463.80365449185,34.497398299999986,0.44366062,18.153221470909244,0.8784797931139395,5.5,6,-50.3,-50.3
3.3,297,0.5302099,30,16713.77893341217,34.692225440000016,0.46366435,15.445171269807034,0.8799249530956851,5.3,6,-49.05,-49.05
5.7,281,0.5122904,30,16916.09784304914,36.54707096000004,0.41717774,16.266151821876864,0.8936835522201381,5.3,6,-48.9,-48.9
3.0,665,0.46278715,10,14849.164645367027,32.115721964000045,0.4158182,14.656713909442765,0.8608133461792004,5.9,4,-46.5667,-46.5667
4.0,582,2.4568913,10,14985.424552707544,33.81516150800002,0.39924467,15.1267175386885,0.873419197809442,6.1,4,-46.6167,-46.6167
27.0,437,0.63536096,30,15066.714657723227,37.37461158000002,0.3657523,18.28371795983861,0.8998219607975708,6.0,4,-46.6,-46.6
4.0,230,0.67604375,10,18954.366449044584,34.76400386,0.46692204,14.656713909442765,0.8804573804573806,5.1,6,-49.2167,-49.2167
10.0,208,0.2705162,30,20442.488855996162,35.5071790657143,0.45994687,17.47809279585198,0.8859699957260935,5.2,6,-49.2667,-49.2667
32.0,212,0.5823825,30,21212.04654525798,38.01454088000003,0.3586303,15.686333326623922,0.9045687338370269,5.2,6,-49.15,-49.15
6.0,297,0.7311686,20,18614.312613249083,32.71319186000005,0.4443801,17.691666896150036,0.8652451701232194,5.1,6,-48.2167,-48.2167
25.0,542,1.6565647,10,18519.35635464637,30.44362658,0.51719433,14.656713909442765,0.8484103240200802,5.1,6,-48.2,-48.2
8.0,178,0.03864545,30,18019.934566808413,34.04792867000003,0.3901303,16.831465630926925,0.8751457836823694,5.3,4,-50.0833,-50.0833
23.0,173,0.21089111,90,18772.76793586949,31.157992760000013,0.52329576,17.662396513849924,0.8537092439531466,5.5,4,-50.0,-50.0
1.0,311,0.6857212,10,17957.884840104736,36.94470062000005,0.34288445,18.017089296584665,0.8966330307793727,5.3,6,-48.8,-48.8
11.0,335,0.9816655,30,18310.892875334976,33.832251608000036,0.47263473,14.433570358128554,0.8735459662288935,5.3,6,-48.8,-48.8
6.0,194,0.5553459,10,17235.177831503774,31.725384080000026,0.44812202,18.979521184456676,0.8579179554789315,5.3,6,-50.2167,-50.2167
16.0,194,0.5553459,10,17235.177831503774,31.725384080000026,0.44812202,18.979521184456676,0.8579179554789315,5.3,6,-50.2167,-50.2167
28.0,281,0.5122904,30,16916.09784304914,36.54707096000004,0.41717774,16.266151821876864,0.8936835522201381,5.3,6,-48.9,-48.9
7.0,287,0.1629331,30,16637.375876162252,35.59970974999999,0.3891157,14.433570358128554,0.8866563561685513,5.3,6,-48.8333,-48.8333
6.2,230,0.67604375,10,18954.366449044584,34.76400386,0.46692204,14.656713909442765,0.8804573804573806,5.1,6,-49.2167,-49.2167
16.6,198,0.47343957,30,20109.37148792039,35.413427660000025,0.51378685,17.429302631682546,0.885274580396532,5.1,6,-49.1167,-49.1167
8.0,212,0.5823825,30,21212.04654525798,38.01454088000003,0.3586303,15.686333326623922,0.9045687338370269,5.2,6,-49.15,-49.15
1.0,285,0.8849689,10,20168.777482500525,33.17975159000002,0.5376502,14.656713909442765,0.8687059479742409,5.2,6,-49.1167,-49.1167
2.2,278,0.90923446,30,18462.73269320924,30.040300220000006,0.5384146,16.89742359871872,0.8454185893210285,5.4,6,-48.05,-48.05
40.6,278,0.90923446,30,18462.73269320924,30.040300220000006,0.5384146,16.89742359871872,0.8454185893210285,5.4,6,-48.05,-48.05
29.1,173,0.21089111,90,18772.76793586949,31.157992760000013,0.52329576,17.662396513849924,0.8537092439531466,5.5,4,-50.0,-50.0
4.1,186,0.27579212,10,18986.407948152042,32.942199200000005,0.4544802,22.06572920732119,0.8669438669438672,5.3,6,-49.9833,-49.9833
3.7,335,0.9816655,30,18310.892875334976,33.832251608000036,0.47263473,14.433570358128554,0.8735459662288935,5.3,6,-48.8,-48.8
42.3,281,0.24922858,10,18427.367771672696,33.131899309999994,0.44274104,15.532182646796663,0.868350996399777,5.6,6,-48.75,-48.75
23.0,194,0.03864545,30,16970.68566886418,33.32843546000004,0.49923432,15.445171269807034,0.8698088332234678,5.3,6,-49.9333,-49.9333
0.9,194,0.03864545,30,16970.68566886418,33.32843546000004,0.49923432,15.445171269807034,0.8698088332234678,5.3,6,-49.9333,-49.9333
5.0,398,0.36000833,30,15708.509390559653,34.655481725000016,0.44243765,15.755326198110874,0.8796524009938647,5.5,6,-46.5833,-46.5833
4.3,425,0.77160263,20,16339.769130457316,32.19066205249999,0.4712025,15.532182646796663,0.8613692256984941,5.8,6,-47.0167,-47.0167
8.9,314,0.9408398,20,15095.675522053325,33.147850070000004,0.42727685,23.513089946173185,0.868469313591265,5.3,6,-47.9167,-47.9167
11.4,198,0.47343957,30,20109.37148792039,35.413427660000025,0.51378685,17.429302631682546,0.885274580396532,5.1,6,-49.1167,-49.1167
5.1,218,0.34878686,30,20367.443768779733,36.33629306,0.47644985,15.445171269807034,0.8921200750469045,5.1,6,-49.05,-49.05
12.4,281,0.24922858,10,18427.367771672696,33.131899309999994,0.44274104,15.532182646796663,0.868350996399777,5.6,6,-48.75,-48.75
8.6,271,1.0196283,30,17947.783447138525,37.67273888,0.3454446,20.17496969635606,0.9020333654479997,5.3,6,-48.6667,-48.6667
5.4,279,0.6943844,30,17461.828839198304,34.623865040000055,0.44683987,14.993186146063977,0.87941787941788,5.3,6,-49.35,-49.35
17.4,279,0.6943844,30,17461.828839198304,34.623865040000055,0.44683987,14.993186146063977,0.87941787941788,5.3,6,-49.35,-49.35
6.0,366,2.146354,30,16950.628410948477,33.81892133000002,0.37577415,14.839035466236718,0.8734470868617213,5.3,6,-48.1,-48.1
42.6,366,2.146354,30,16950.628410948477,33.81892133000002,0.37577415,14.839035466236718,0.8734470868617213,5.3,6,-48.1,-48.1
14.0,287,0.1629331,30,16637.375876162252,35.59970974999999,0.3891157,14.433570358128554,0.8866563561685513,5.3,6,-48.8333,-48.8333
5.0,381,4.8564625,10,16825.48684098546,31.24686128000002,0.59981084,15.532182646796663,0.8543684397342937,5.5,6,-48.6333,-48.6333
2.2,218,0.34878686,30,20367.443768779733,36.33629306,0.47644985,15.445171269807034,0.8921200750469045,5.1,6,-49.05,-49.05
1.4,214,0.65911597,30,21199.362936550933,32.80206038000006,0.48676944,15.6122253544702,0.8659043659043665,5.2,6,-48.4833,-48.4833
6.4,285,0.8849689,10,20168.777482500525,33.17975159000002,0.5376502,14.656713909442765,0.8687059479742409,5.2,6,-49.1167,-49.1167
1.6,241,0.55005753,30,20632.580018607398,34.71922779800002,0.51994973,14.433570358128554,0.8801252471984182,5.2,6,-49.0667,-49.0667
2.0,186,0.27579212,10,18986.407948152042,32.942199200000005,0.4544802,22.06572920732119,0.8669438669438672,5.3,6,-49.9833,-49.9833
2.0,271,1.0196283,30,17947.783447138525,37.67273888,0.3454446,20.17496969635606,0.9020333654479997,5.3,6,-48.6667,-48.6667
13.3,374,7.1043887,10,17956.06854024795,33.70954469000003,0.36520678,15.755326198110874,0.8726357689772327,5.4,6,-48.5667,-48.5667
24.4,198,0.05517152,30,18875.153745607593,31.157992760000013,0.43512636,20.410555583971703,0.8537092439531466,5.4,6,-49.7667,-49.7667
1.3,201,0.03955991,30,17056.04227596936,32.91599438000003,0.4917864,14.656713909442765,0.8667494887007086,5.4,6,-50.05,-50.05
2.2,381,4.8564625,10,16825.48684098546,31.24686128000002,0.59981084,15.532182646796663,0.8543684397342937,5.5,6,-48.6333,-48.6333
0.7,268,0.6336806,30,17332.11455234456,34.299153140000044,0.39977074,14.433570358128554,0.8770092794483043,5.3,6,-48.4333,-48.4333
2.0,365,1.113246,30,15008.845201441878,33.59333201000004,0.46650767,15.1267175386885,0.8717737437249636,5.6,6,-48.2833,-48.2833
9.5,214,0.65911597,30,21199.362936550933,32.80206038000006,0.48676944,15.6122253544702,0.8659043659043665,5.2,6,-48.4833,-48.4833
2.7,181,0.03864545,30,18882.31776655007,31.27762346000003,0.44476816,14.433570358128554,0.8545966228893062,5.5,6,-49.9167,-49.9167
9.9,181,0.03864545,30,18882.31776655007,31.27762346000003,0.44476816,14.433570358128554,0.8545966228893062,5.5,6,-49.9167,-49.9167
20.1,195,0.055235427,30,17151.46034874245,34.41194780000001,0.37552673,15.445171269807034,0.877845951016683,5.3,6,-50.65,-50.65
3.7,198,0.05517152,30,18875.153745607593,31.157992760000013,0.43512636,20.410555583971703,0.8537092439531466,5.4,6,-49.7667,-49.7667
9.7,192,0.0,30,16374.625411998957,31.735638139999992,0.50893074,15.532182646796663,0.8579940165306019,6.0,6,-49.7167,-49.7167
3.6,492,2.6908193,10,15655.838346126739,34.724126960000035,0.43453366,18.436347726825165,0.880161587478661,5.8,4,-46.4333,-46.4333
0.9,437,0.63536096,30,15066.714657723227,37.37461158000002,0.3657523,18.28371795983861,0.8998219607975708,6.0,4,-46.6,-46.6
56.0,241,0.55005753,30,20632.580018607398,34.71922779800002,0.51994973,14.433570358128554,0.8801252471984182,5.2,6,-49.0667,-49.0667
2.5,226,0.7530137,10,21302.195741866653,34.55892266000001,0.50248796,19.094648176054942,0.8789361594239645,5.0,6,-49.05,-49.05
23.1,182,0.0,30,19572.743562070806,32.76958919000003,0.4590816,14.656713909442765,0.8656635059074087,5.4,6,-49.8,-49.8
2.0,182,0.0,30,19572.743562070806,32.76958919000003,0.4590816,14.656713909442765,0.8656635059074087,5.4,6,-49.8,-49.8
6.0,374,7.1043887,10,17956.06854024795,33.70954469000003,0.36520678,15.755326198110874,0.8726357689772327,5.4,6,-48.5667,-48.5667
4.3,362,1.2847317,10,17618.47684678633,31.821088640000028,0.50436467,15.445171269807034,0.858627858627859,5.2,6,-48.5667,-48.5667
8.0,192,0.0,30,16374.625411998957,31.735638139999992,0.50893074,15.532182646796663,0.8579940165306019,6.0,6,-49.7167,-49.7167
1.0,191,0.27587795,30,18863.017195415807,29.667736040000023,0.5251422,19.349894972753567,0.8426550377769892,5.6,6,-49.6833,-49.6833
8.0,238,0.31750327,30,18080.40286110186,33.37628774000001,0.40233603,15.991714976175103,0.8701637847979313,5.3,6,-49.9167,-49.9167
20.0,238,0.31750327,30,18080.40286110186,33.37628774000001,0.40233603,15.991714976175103,0.8701637847979313,5.3,6,-49.9167,-49.9167
2.0,365,1.113246,30,15008.845201441878,33.59333201000004,0.46650767,15.1267175386885,0.8717737437249636,5.6,6,-48.2833,-48.2833
14.2,399,0.3169934,20,15964.942191301978,32.08769419999999,0.4580605,16.51301189980839,0.8606054459712996,5.6,6,-47.1333,-47.1333
3.1,399,0.3169934,20,15964.942191301978,32.08769419999999,0.4580605,16.51301189980839,0.8606054459712996,5.6,6,-47.1333,-47.1333
9.0,417,0.83413225,30,16095.705315657593,34.58588703999999,0.5056516,18.159263785365205,0.8791361718190988,5.7,4,-46.5167,-46.5167
6.0,417,0.83413225,30,16095.705315657593,34.58588703999999,0.5056516,18.159263785365205,0.8791361718190988,5.7,4,-46.5167,-46.5167
3.4,175,0.087456755,30,19705.553957818647,29.836928030000024,0.6435424,22.024422481817133,0.8439100451295577,5.3,4,-50.1667,-50.1667
18.0,175,0.087456755,30,19705.553957818647,29.836928030000024,0.6435424,22.024422481817133,0.8439100451295577,5.3,4,-50.1667,-50.1667
5.0,206,0.20004648,10,19701.668735055744,33.92146193000002,0.5132949,15.1267175386885,0.8742076973784294,5.2,6,-49.6833,-49.6833
25.0,206,0.20004648,10,19701.668735055744,33.92146193000002,0.5132949,15.1267175386885,0.8742076973784294,5.2,6,-49.6833,-49.6833
1.9,195,0.055235427,30,17151.46034874245,34.41194780000001,0.37552673,15.445171269807034,0.877845951016683,5.3,6,-50.65,-50.65
6.6,195,0.03864545,30,17447.923364329836,33.77277806000001,0.40672764,17.71071509112073,0.8731048121292025,5.2,6,-50.6333,-50.6333
1.4,191,0.27587795,30,18863.017195415807,29.667736040000023,0.5251422,19.349894972753567,0.8426550377769892,5.6,6,-49.6833,-49.6833
0.8,192,0.07729086,30,16559.395801278388,33.94367906000002,0.44645375,18.289023012068306,0.8743724963237162,5.8,4,-49.65,-49.65
7.4,226,0.7530137,10,21302.195741866653,34.55892266000001,0.50248796,19.094648176054942,0.8789361594239645,5.0,6,-49.05,-49.05
4.5,467,3.128152,10,20111.347765405677,30.090431179999996,0.5105188,14.839035466236718,0.8457904433514191,5.3,6,-48.9,-48.9
8.7,195,0.03864545,30,17447.923364329836,33.77277806000001,0.40672764,17.71071509112073,0.8731048121292025,5.2,6,-50.6333,-50.6333
8.1,194,0.24838638,30,19528.322146840637,30.645289760000026,0.5113095,14.433570358128554,0.8499061913696063,5.2,6,-49.5333,-49.5333
7.3,194,0.24838638,30,19528.322146840637,30.645289760000026,0.5113095,14.433570358128554,0.8499061913696063,5.2,6,-49.5333,-49.5333
7.3,362,1.2847317,10,17618.47684678633,31.821088640000028,0.50436467,15.445171269807034,0.858627858627859,5.2,6,-48.5667,-48.5667
11.4,493,0.985849,10,17820.892433164634,33.15753446000002,0.47693303,14.656713909442765,0.8685411490289542,5.4,6,-48.5833,-48.5833
12.2,193,0.039451703,30,17296.059790059713,33.051575840000055,0.45400986,14.656713909442765,0.8677551848283561,5.2,6,-50.6333,-50.6333
11.5,193,0.039451703,30,17296.059790059713,33.051575840000055,0.45400986,14.656713909442765,0.8677551848283561,5.2,6,-50.6333,-50.6333
7.9,192,0.07729086,30,16559.395801278388,33.94367906000002,0.44645375,18.289023012068306,0.8743724963237162,5.8,4,-49.65,-49.65
15.5,241,0.5806083,30,18823.959989975156,33.63801041428576,0.46883407,16.543783558475145,0.872105152592958,5.2,6,-49.2667,-49.2667
16.1,238,0.31750327,30,18080.40286110186,33.37628774000001,0.40233603,15.991714976175103,0.8701637847979313,5.3,6,-49.9167,-49.9167
8.5,238,0.31750327,30,18080.40286110186,33.37628774000001,0.40233603,15.991714976175103,0.8701637847979313,5.3,6,-49.9167,-49.9167
2.4,493,0.985849,10,17820.892433164634,33.15753446000002,0.47693303,14.656713909442765,0.8685411490289542,5.4,6,-48.5833,-48.5833
16.5,396,2.6828723,30,18000.098646065984,33.71723523500003,0.4281191,15.445171269807034,0.8726928147659859,5.6,6,-48.4833,-48.4833
7.3,194,0.055229332,30,17296.059790059713,35.53989439999998,0.4274013,14.433570358128554,0.8862126667004716,5.2,4,-50.6167,-50.6167
3.7,194,0.055229332,30,17296.059790059713,35.53989439999998,0.4274013,14.433570358128554,0.8862126667004716,5.2,4,-50.6167,-50.6167
15.0,492,2.6908193,10,15655.838346126739,34.724126960000035,0.43453366,18.436347726825165,0.880161587478661,5.8,4,-46.4333,-46.4333
1.2,582,2.4568913,10,14985.424552707544,33.81516150800002,0.39924467,15.1267175386885,0.873419197809442,6.1,4,-46.6167,-46.6167
15.0,256,0.6754635,30,19219.059834263106,38.622948440000016,0.35908955,15.532182646796663,0.9090816895694948,5.1,6,-49.3,-49.3
