latitude,longitude,SOC_gkg,elevation,slope,landcover,rainfall,lst,ndvi,twi,smi,soil_ph,soil_texture
8.440308059039999,-10.160223133000001,-49.850637085999999,185,0.2705162,10,19218.950924108118,31.576700210000013,0.56143564,16.44847337867082,0.8568150702297046,5.2,6
2.765353636110000,-11.789786957000000,-48.614034791000002,232,0.15954293,80,17822.62554610617,28.394523590000006,0.5609932,15.244500574344883,0.8332107905278638,5.3,6
6.084392265510000,-9.709371274000000,-49.203478406999999,226,1.0694934,30,20349.224002773608,33.06866594000002,0.5840673,18.116180199228896,0.8678819532478071,5.2,6
8.027136231729999,-9.706367021000000,-48.544403447999997,253,0.40395045,30,19063.720844127107,34.49398028000002,0.5082451,16.091798434732087,0.8784544394300494,5.2,6
9.672289075060000,-13.038174777000000,-48.543180286000002,459,3.5469897,10,15968.951756189483,34.22395670000003,0.4659759,15.244500574344883,0.8764514984027183,5.5,6
9.822414537060000,-11.779682539000000,-47.915740782999997,290,0.45347065,10,17011.819090235877,33.661122739999996,0.38086542,15.937647754904829,0.872276591788787,5.4,6
11.304943790099999,-12.878115741000000,-49.516616912000003,252,0.1595836,10,16609.005672803967,36.43570047500003,0.44035986,16.414571826995136,0.8928574446867134,5.3,6
8.351132301740000,-10.676252302000000,-49.852888276000002,181,0.03864545,80,19225.707928517055,30.83328086000006,0.4913109,22.367367232943966,0.8513006439835714,5.5,6
6.797803308450000,-5.804287541000000,-47.482357587000003,154,0.69776267,10,16460.316055238975,34.52132444000006,0.4705337,14.656713909442765,0.8786572689011719,4.9,6
9.707185611900000,-10.425804646000000,-47.867367485999999,379,1.2010487,20,18003.022044690813,30.758084420000046,0.52200603,15.244500574344883,0.8507428629379854,5.3,6
6.519331244070000,-8.813744936000001,-49.318735809000003,198,0.42051074,30,21141.88722468783,36.17906414000004,0.44962633,15.1267175386885,0.8909538055879523,5.2,6
10.047134817200000,-10.246505539999999,-48.066009016000002,545,5.601605,10,18189.93109679638,30.204365180000025,0.4598071,15.6122253544702,0.8466355661477616,5.4,6
7.185972473050000,-11.633205751000000,-48.863986764000003,291,0.7132609,30,17662.77179807741,29.70533426000003,0.48992023,14.656713909442765,0.8429339282997823,5.2,6
9.959031306130001,-12.421142349000000,-47.032603776999999,352,0.31341985,30,15608.685867366665,36.46027396727277,0.3624734,16.043008270562655,0.8930397223080154,5.7,6
7.364479299490000,-13.208177044999999,-48.560223004999997,518,8.393987,10,16211.190419267703,33.42926705000002,0.43197918,14.993186146063977,0.8705567668982306,5.5,6
12.663990069000000,-12.864438911000001,-48.295066194999997,318,0.81597835,10,15227.74273011496,37.701792049999995,0.38804698,17.46611660480526,0.902248871761067,5.5,6
7.020297806730000,-8.505924831000000,-49.222337777000000,182,0.33340797,30,19990.31139481273,36.77379961999998,0.4210489,18.10987103003563,0.8953653465848588,5.2,6
11.556535512500000,-8.268521600000000,-46.520038143000001,422,0.645145,20,15486.801971664907,29.88648932000001,0.3608224,18.61943002918643,0.8442776735459664,5.7,6
7.465216122300000,-7.770396777000000,-47.545010390000002,193,0.38841194,30,18338.350514263024,30.580347380000035,0.4045948,15.445171269807034,0.8494244713756913,5.3,6
9.966880225320001,-10.127736134999999,-46.955608658999999,318,0.36720267,30,17239.98144073962,39.66202652000004,0.3149104,17.416723849475684,0.9167892094721367,5.6,6
9.387809441620000,-9.881121057000000,-47.114313785000000,277,0.6581139,30,17287.17276736332,37.22156024000003,0.37421665,17.323942116024718,0.8986866791744844,5.5,6
7.744509438880000,-12.748623950000001,-50.529725730000003,213,0.03864545,30,18370.86005430378,32.70806483000001,0.5458203,14.839035466236718,0.8652071395973837,5.6,6
8.157048474000000,-8.770049909999999,-47.765997902999999,300,0.3705235,30,19625.00342412461,30.110369630000037,0.42960554,15.34986109000271,0.8459383398407793,5.3,6
8.959171407720000,-9.888213974999999,-47.229608481000000,285,0.8933713,20,17451.642185295066,36.643914859999995,0.44035253,15.755326198110874,0.8944019065970287,5.5,6
7.688958102320000,-10.331580511000000,-48.750099038000002,288,0.96604484,30,18161.44718904741,35.676615200000015,0.3868873,14.433570358128554,0.8872268140560826,5.3,6
6.701526362910000,-8.434347044000001,-48.820591643999997,261,1.9125626,30,20568.55207712237,31.698039920000042,0.4755059,16.51301189980839,0.8577151260078094,5.3,6
8.039090580700000,-12.436771265999999,-48.683305003000001,274,0.94020295,30,16837.709046433978,33.79157716999998,0.4426707,18.128680361993126,0.8732442573905989,5.4,6
8.283023196200000,-9.150848352000001,-47.713021169999998,271,0.38964364,30,18845.031595294862,29.833510010000055,0.5101437,18.212061970932176,0.8438846914456676,5.3,6
7.181849691930000,-12.036650454000000,-48.519958402000000,239,0.5816006,10,18162.326008904663,28.719235490000017,0.42103657,24.30179336156437,0.8356193904974395,5.5,6
7.552413697540000,-9.831782140000000,-48.941708204999998,255,1.5985388,30,19718.138122288357,32.18624711000007,0.44272327,17.83476773979071,0.8613364771901364,5.4,6
5.075676007630000,-6.754104788000000,-48.766621129000001,167,0.66000354,30,19960.454874809373,33.24298496000006,0.5741286,15.1267175386885,0.8691749911262112,4.9,6
9.206110544060000,-10.159009954000000,-47.926045860999999,330,1.4488478,10,18041.205657959414,30.27614360000001,0.58520406,18.194770473822118,0.8471679935094572,5.3,6
10.627453470300001,-9.805201758999999,-46.856448016000002,369,0.6606829,10,16549.786702321846,36.575554460000035,0.346591,16.266151821876864,0.8938948329192236,5.5,6
9.475121060019999,-12.089094426999999,-49.652846316000002,214,1.1917417,30,16450.776956999573,38.19227792000004,0.35347906,18.596352081903884,0.9058871253993209,5.2,6
8.703520784389999,-12.454903734000000,-50.446283188999999,207,0.03864545,10,17985.32592573548,32.09965727000002,0.48334238,16.51301189980839,0.8606941838649159,5.4,6
9.971277519290000,-12.105251792000001,-48.785149750000002,293,0.88601905,10,17330.14108142771,33.76594202000001,0.43613783,14.433570358128554,0.8730541047614221,5.2,6
3.731217894090000,-12.024573768000000,-46.739071824000000,376,0.6892325,80,15946.501763859056,30.81960878000001,0.5294039,20.967722502151272,0.85119922924801,5.7,6
7.813954047680000,-8.943094651999999,-48.753509078000000,317,1.9227138,30,20001.956129943457,33.860507240000004,0.44072738,18.427173350549122,0.8737555566823861,5.3,6
10.968684311900001,-10.292944798000001,-47.001142582000000,428,0.59151536,30,16927.813974757053,36.99938894000002,0.28842953,14.656713909442765,0.8970386897216168,5.3,6
7.532102690430000,-12.469351646000000,-47.442468562000002,330,0.42502427,20,14987.216243782083,32.10820232000003,0.45083916,20.78314631696123,0.8607575680746417,5.4,6
9.390695253490000,-10.958831021000000,-48.442549683999999,234,0.4701946,10,18094.688926256393,33.84797450000002,0.4281553,15.6122253544702,0.8736625931747886,5.3,6
5.897534136770000,-12.911830674000001,-46.953807105000003,702,4.242213,20,14999.269347976755,30.252217459999997,0.4374066,14.656713909442765,0.8469905177222251,5.3,4
9.385431009820000,-9.988516025999999,-48.005324348000002,303,0.43227556,10,18673.263251310706,35.61509083999999,0.39624262,17.30995587404998,0.8867704477460576,5.2,6
6.572651792770000,-12.512911642000001,-47.435007036999998,360,0.5796621,20,14788.666948342685,30.19752914000003,0.5214708,15.1267175386885,0.8465848587799811,5.3,6
7.939997510640000,-8.264601499999999,-47.330418338000001,313,1.6668508,20,18508.448900595467,30.303487760000053,0.44313335,14.839035466236718,0.8473708229805796,5.2,6
8.804818126150000,-11.671234318000000,-48.587631463999998,247,0.69807917,30,18030.50573548973,35.64243499999998,0.39362094,18.103521802356973,0.8869732772171797,5.4,6
6.167534130220000,-8.083032650000000,-48.958131010999999,189,0.403799,30,19614.850817234295,34.64608217,0.48254055,15.244500574344883,0.8795826783631663,5.1,6
7.491544705910000,-10.378463559000000,-49.338381087999998,235,0.5391443,30,19078.777388457635,32.000534689999995,0.57697767,14.839035466236718,0.8599589270320979,5.1,6
6.086134500310000,-7.128858963000000,-48.687029404000000,202,0.50775826,30,20052.8065740367,33.00201455000001,0.49152026,17.74775636280108,0.8673875564119469,5.0,6
8.150308176730000,-7.587884665000000,-47.774240792999997,190,0.31160903,30,18816.738172530786,22.447168789999978,0.413387,16.573636521624824,0.7890953805587951,5.3,6
8.551124576759999,-9.870680653000001,-47.677710179000002,251,1.1845139,10,18154.104998379218,29.636973860000012,0.47920963,17.48992725349898,0.8424268546219768,5.1,6
8.753213522690000,-11.444123311000000,-47.640783436000000,374,0.86825794,10,17419.193779034147,29.75147752999999,0.48935214,18.13487233224105,0.8432762030323007,5.6,6
9.226093370290000,-11.304847333000000,-50.625736943000000,188,0.03864545,30,17174.95264375867,35.266452800000025,0.34309837,14.656713909442765,0.8841843719892504,5.4,4
6.536512147540000,-8.290273048000000,-49.208194183000003,187,0.6683747,30,18689.660332182673,35.85777026000005,0.4633402,14.656713909442765,0.8885705593022671,5.1,6
6.208739786600000,-6.991510159000000,-48.214411390000002,201,0.15940931,10,19931.40438578939,30.58376540000006,0.55762964,15.34986109000271,0.8494498250595818,5.0,6
8.541240897020000,-9.706604186000000,-49.923277401000000,188,0.34780484,30,19830.132208895608,35.74668460999999,0.37602156,14.433570358128554,0.8877465645758329,5.3,6
7.414222308320000,-8.356844065000001,-47.702253181000003,236,1.2419994,30,19878.46518030431,29.22510245000001,0.4082341,17.036260043572938,0.8393717357131993,5.3,6
7.561030398850000,-7.470684229000000,-48.035029563000002,303,1.8000026,30,19671.463831543566,26.94186509000002,0.43969864,15.819864719248445,0.8224354748744995,5.2,6
8.470208193570000,-12.596278591000001,-48.716449079999997,340,1.1288301,30,16917.822854074366,34.57943078000005,0.43814063,14.839035466236718,0.8790882815273064,5.4,6
7.723288087530000,-11.136253613999999,-49.871805195999997,192,0.34780484,30,18768.41511429192,28.273183880000033,0.5253863,14.656713909442765,0.8323107347497595,5.3,6
9.252811820750001,-11.166919188000000,-48.650327347999998,247,0.11036606,30,18067.334017169567,32.947326230000044,0.40875727,15.1267175386885,0.8669818974697028,5.5,6
7.429216096390000,-12.356785235000000,-48.713569436000000,255,0.055304755,30,17059.552616422836,32.08342167500001,0.4892024,21.624434769592334,0.860573753866437,5.4,6
8.448314409909999,-12.628913944000001,-47.305777397000000,374,0.5039365,20,15506.41310935866,32.95245326000003,0.37419054,15.755326198110874,0.8670199279955381,5.4,6
6.604199153540000,-11.832163488000001,-46.599128991000001,643,1.342802,20,15864.924159460084,29.59253960000001,0.5678547,14.993186146063977,0.8420972567314032,5.5,6
6.670596122920000,-8.647291471000001,-48.036836936000000,228,1.024864,30,20205.96039213919,29.867690209999978,0.4044648,14.656713909442765,0.8441382282845697,5.1,6
9.224556766530000,-12.575123527000001,-47.988435695000000,275,0.53410685,20,15026.741477013697,33.05977908800003,0.4497288,22.53456605485758,0.8678160336696925,5.4,6
8.128227083820001,-10.057748916000000,-49.352534806000001,223,1.093476,30,19890.28795139289,38.88100895000002,0.39386925,18.717156919989183,0.9109958927032101,5.2,6
10.185517813100001,-11.065293925000001,-47.283116798000002,418,0.7549049,30,17382.83823240648,36.53112020000003,0.36991668,14.433570358128554,0.89356523502865,5.4,6
6.637068505990000,-13.051805617999999,-46.989969487000003,510,0.74886334,20,15238.848697249,30.14853751999999,0.51081055,15.1267175386885,0.8462214559775536,5.5,6
8.589823070810001,-12.037613275000000,-47.066436133000003,368,0.14151625,30,16157.946207516801,33.43439408000006,0.43956816,17.513184115663247,0.8705947974240663,5.6,6
10.076733812100001,-11.042037682000000,-48.250774489000001,291,0.673183,40,18244.496796223186,32.69439275000002,0.42296675,15.819864719248445,0.8651057248618227,5.4,6
5.233760203620000,-12.742636681000000,-48.403334197000000,693,7.70937,20,16062.988267883782,31.15286573000003,0.5022527,15.445171269807034,0.8536712134273113,5.5,6
7.961001027800000,-9.038066432000001,-48.370447206999998,238,0.57776964,40,19598.08050339649,32.57305303999999,0.31717476,17.337735438157054,0.864205669083718,5.3,6
8.453347056620000,-8.327359743000001,-48.638539723000001,333,0.9015672,30,20414.512382026325,25.95576632000001,0.4398349,16.68486215673505,0.8151209370721568,5.4,6
9.065294825170000,-11.851714589000000,-49.097224685000000,309,0.9475466,10,17506.41764164878,31.79203547000003,0.3550127,15.244500574344883,0.8584123523147917,5.2,6
9.101561046010000,-11.180285263000000,-47.127728292999997,429,1.0487696,10,17800.37531126049,31.80741655999998,0.51679724,15.686333326623922,0.8585264438922975,5.5,6
8.348644909780001,-10.633353283000000,-49.920936046000001,187,0.27565855,10,18997.788871467896,28.55175251000003,0.61252105,20.236443735428985,0.8343770599868164,5.4,6
9.208294788270001,-12.465906221999999,-47.036892440999999,380,0.4446552,30,15891.874742185373,35.61623018,0.3804249,15.34986109000271,0.8867788989740211,5.6,6
7.005160461150000,-7.845490396000000,-47.893230506000002,202,0.24649209,30,19551.796253005577,31.19832539600003,0.40007904,14.433570358128554,0.8540084174230519,5.2,6
8.010785960600000,-9.257063574000000,-48.669838073999998,301,1.4088128,30,19972.996507349977,32.94937704200004,0.43832687,16.414571826995136,0.866997109680037,5.4,6
9.412607075660000,-8.000888804000001,-46.519567831000003,348,0.8809312,40,15270.012872863836,32.534600315000034,0.43669766,14.839035466236718,0.8639204401399527,5.5,6
5.726731379320000,-7.457521164000000,-48.724655468000002,237,0.92220736,30,19776.310199464177,30.44875361000004,0.6255315,15.991714976175103,0.8484483545459159,4.9,6
10.513391714999999,-13.152352574000000,-47.689069345000000,351,0.9355008,10,15388.176094786704,33.68277020000005,0.46838716,15.6122253544702,0.8724371651200925,5.3,6
10.280173914700001,-12.942426084999999,-49.751724238000001,257,0.6442253,10,17508.15869422642,34.449546020000014,0.47251454,18.141026197815425,0.8781248415394759,5.3,6
8.832616789299999,-9.169609087000000,-47.767637571000002,291,0.82285625,20,18995.030138196817,33.39337784000003,0.30717915,15.532182646796663,0.8702905532173828,5.3,6
9.373706840110000,-10.186474284000001,-50.250926346000000,174,0.039264794,30,18946.57338439273,35.469824990000006,0.4015256,14.656713909442765,0.8856929161807212,5.5,4
9.677038331000000,-11.113924966000001,-46.676348202000000,725,1.044121,30,16713.80166283309,35.80991798000002,0.25311306,15.34986109000271,0.8882156077278032,5.7,6
10.997291717600000,-11.028751665000000,-47.253408219000001,386,0.6619984,10,17554.29805438075,36.57213644000001,0.37521383,19.314476545550026,0.8938694792353331,5.4,6
7.095041446310000,-11.424604514000000,-47.297624032000002,374,0.4405159,30,17297.80092339188,31.01785394000001,0.5743156,17.6116241884765,0.8526697429136456,5.5,6
8.242656135240001,-7.065776683000000,-47.878944760000003,386,3.8321135,10,18440.322209329563,26.71114874,0.40907657,14.839035466236718,0.8207241012119062,5.1,6
7.525047144420000,-9.076849951000000,-47.855401905000001,280,1.596039,10,19192.94155575802,28.86450134000006,0.49237636,17.158149861181975,0.8366969220627763,5.0,6
9.459948412959999,-12.668089767000000,-49.086102586999999,308,0.49355435,30,16713.77893341217,34.692225440000016,0.46366435,14.839035466236718,0.8799249530956851,5.4,6
6.357311673770000,-6.977697792000000,-49.102646565999997,188,0.7131061,30,19266.123826419287,31.491249710000034,0.46431556,14.433570358128554,0.856181228132448,5.0,6
7.473076097170000,-12.294331816000000,-50.033711627000002,199,0.24043591,30,16739.862035006878,33.94123761714286,0.40759817,16.93909629511929,0.8743543865495087,5.3,6
10.635092454500001,-10.883176838000001,-48.430367949000001,218,0.2283806,10,17945.410740050353,34.95370396999999,0.40566278,24.45821303222115,0.8818645099132905,5.6,6
7.123187388310000,-9.192561706999999,-49.554322534999997,203,0.12363852,10,20719.889110170017,35.854352240000026,0.40935224,16.414571826995136,0.8885452056183767,5.1,6
9.778958012149999,-12.988908886999999,-47.568119887999998,345,0.71318656,10,15193.471401353487,33.089174060000005,0.4594278,19.45745087897483,0.8680340753511487,5.4,6
7.514093518550000,-8.821869521000000,-48.403075098000002,251,0.8264366,10,19825.173349995188,31.61771644999999,0.43262833,18.611796404331358,0.8571193144363877,5.3,6
10.256978762199999,-10.352007533000000,-47.754725174999997,385,2.41039,10,17957.29846560164,27.510965420000048,0.37971127,14.993186146063977,0.8266568632422295,5.2,6
10.482121130199999,-10.170938445000001,-50.066351447999999,174,0.039262332,30,18678.592105205833,32.74566305000002,0.42810363,18.770861098961046,0.8654860301201768,5.4,4
6.918730297940000,-8.671192358000001,-49.184434961000001,176,0.1404549,10,20714.811325976698,38.380269020000014,0.3781935,19.454155983077978,0.9072815780132856,4.9,6
9.481338700389999,-12.864321978000000,-49.980534161000001,316,1.0380236,30,18159.385543031356,35.538185390000024,0.45546353,15.1267175386885,0.8861999898585268,5.2,6
5.773505310450000,-7.325324085000000,-48.638211658000003,187,0.6287403,10,19573.872150489267,34.79134801999999,0.5246349,18.0971320042582,0.8806602099285027,4.9,6
7.031027413670000,-8.885093312000000,-48.845547017999998,277,0.77238387,30,20607.541223409204,33.663401420000014,0.48282573,14.839035466236718,0.872293494244714,5.3,6
8.415331979310000,-9.185941585000000,-48.497302726999997,270,1.1205753,10,19496.04923764427,32.87212979000003,0.35944775,16.13831845036698,0.8664241164241168,5.3,6
6.527346721420000,-9.260108680000000,-49.256382840999997,235,1.1380044,10,21228.345894285692,36.95837270000004,0.43302506,15.532182646796663,0.8967344455149338,5.1,6
5.607420449750000,-6.151257198000000,-48.286033652000000,111,0.3499699,30,19323.82704471513,29.970230810000032,0.5847224,18.803018210595575,0.8448988388012783,5.0,6
7.767663928310000,-10.840494397000001,-49.609835869000001,186,0.0551513,10,19300.48593881029,31.228403972000024,0.49016914,15.532182646796663,0.8542315298412863,5.4,6
10.194368506500000,-10.375161368000001,-47.989242138999998,407,1.2775584,10,18042.045030504858,31.202427020000016,0.50862193,17.23693073903509,0.8540388418437201,5.2,6
6.504464640520000,-13.073894079000000,-47.285893467999998,456,0.8345355,30,15276.69586987335,30.04987067600007,0.5233927,15.6122253544702,0.8454895796359218,5.4,6
10.974506326400000,-10.607580656000000,-46.762802002000001,438,1.650511,20,16580.186323223883,36.196154240000055,0.39002302,21.058299376195105,0.8910805740074038,5.6,6
9.230238712600000,-10.226642902000000,-47.514598049000000,307,1.185146,10,17442.900347898634,34.68453489500001,0.40353432,15.445171269807034,0.879867907306932,5.2,6
5.586531359810000,-6.910906522000000,-49.052203773999999,168,0.7155601,30,19411.609561425466,33.85651955000003,0.5728931,15.991714976175103,0.8737259773845143,5.0,6
7.826651869000000,-10.541391831000000,-49.423248979999997,227,0.31289208,10,19407.27305915193,29.266118689999985,0.5748945,14.433570358128554,0.8396759799198824,5.1,6
7.479176420210000,-11.485576182000001,-47.253677799000002,371,0.86956024,30,17218.686715668387,31.80058052000004,0.5227714,16.414571826995136,0.8584757365245175,5.6,6
9.026062468110000,-11.692650504000000,-48.508927442999997,258,0.40213105,30,18132.64823285985,35.996200069999986,0.336316,17.017567910560786,0.8895973834998225,5.3,6
7.925176206690000,-8.720591311000000,-48.737352051999999,330,0.970123,30,20697.893973387632,35.419580096000004,0.3505391,14.656713909442765,0.8853202170275343,5.5,6
10.087147468900000,-12.659150831000000,-50.075017381999999,262,0.8588078,10,17843.495168610825,34.71102455000005,0.49288955,16.182770212937815,0.8800643983570818,5.4,6
6.317446611620000,-11.729474009000000,-49.047644716000001,268,0.33714324,50,17614.323952852115,31.13064860000003,0.58304816,17.090327264843214,0.8535064144820246,5.5,6
9.457156710980000,-10.234878778000001,-49.986162989000000,186,0.08669516,10,18604.763432246124,30.29665172,0.409637,14.839035466236718,0.8473201156127986,5.0,6
7.446314280810000,-7.337816351000000,-47.685714806000000,183,0.5401799,30,18099.530841062824,28.191151400000024,0.42409536,14.839035466236718,0.831702246336393,5.3,6
12.090782194399999,-12.457069492000000,-49.141626711000001,284,1.0116674,10,16574.99097877193,37.57874333000001,0.36020583,15.445171269807034,0.9013361391410174,5.3,6
10.012578206700001,-12.971869279000000,-49.908817063000001,363,0.8456577,10,18405.075798696358,34.092362930000036,0.4915944,14.993186146063977,0.8754753815729429,5.2,6
8.305793696640000,-12.010488663000000,-47.512544853000001,345,0.7485431,20,15549.254187168297,32.91827306000005,0.465353,15.244500574344883,0.8667663911566356,5.4,6
11.055135834000000,-11.096265698000000,-47.835656643999997,506,1.6814415,20,17299.300027936493,32.82769553000003,0.43920058,15.244500574344883,0.8660945185335432,5.6,6
7.090283763550000,-11.071480037000001,-49.510985851999997,213,0.93845123,10,19081.129609002608,31.12609124000005,0.5340715,15.1267175386885,0.853472609570171,5.2,6
8.265018264809999,-9.877291011000001,-47.870161246999999,257,1.8413289,10,18250.59863693305,27.681866420000006,0.53794056,16.76084806371297,0.8279245474367427,5.2,6
6.746897675410000,-6.370754564000000,-48.221065823000004,174,0.6672194,10,19673.972090962954,26.97433627999999,0.44567347,16.13831845036698,0.8226763348714569,5.0,6
9.587249784570000,-12.370824698000000,-49.691630668000002,232,0.45857015,30,17281.80888818828,36.39635255428573,0.41801468,16.93909629511929,0.892565575492405,5.3,6
9.861126090440001,-9.645239707000000,-47.091838465999999,353,0.3864487,20,17153.263324848158,36.66784100000001,0.38266295,16.343112863012994,0.8945793823842606,5.5,6
8.089696210490001,-11.503290104000000,-49.567096317000001,201,0.12446432,10,17704.958429720427,31.646769619999986,0.5256318,15.34986109000271,0.8573348207494549,5.2,6
6.303817192690000,-7.443164478000000,-48.887685609000002,243,0.8381617,30,19509.73847750889,31.081087310000044,0.56564426,15.244500574344883,0.8531387860656158,5.1,6
8.216347979100000,-12.896495862000000,-49.494487327000002,245,0.27751666,30,16732.321000872216,33.11423954000003,0.49864125,17.558135503525513,0.8682200023663442,5.3,6
6.875042147940000,-9.068648548000001,-48.203121864000003,203,0.65997106,30,19169.31375446426,30.19752914000003,0.4784001,15.34986109000271,0.8465848587799811,5.1,6
8.089090351770000,-12.321073557000000,-49.839934366999998,241,1.3286122,20,17076.31315628444,33.65314736000005,0.4654073,14.433570358128554,0.8722174331930435,5.2,6
7.421265960380000,-12.223725950000000,-48.159278391000001,284,0.6875513,20,16823.138312199953,31.745892200000014,0.46665284,17.30995587404998,0.8580700775822729,5.4,6
8.223267063740000,-12.596825528000000,-47.098301437000003,399,0.9408343,20,15935.529592943823,33.766430308571444,0.45984626,14.839035466236718,0.8730577267162636,5.7,6
8.377210528750000,-9.300033956000000,-49.965001553000000,166,0.54959136,10,19834.364456258445,31.91679320000003,0.41279054,20.356488362701427,0.8593377617767866,4.9,6
8.885986816520001,-12.706136330000000,-46.839411749000000,477,2.1385744,10,14927.7309783019,31.247715785000025,0.5346317,14.433570358128554,0.8543747781552663,5.9,4
7.729944382750000,-7.158445361000000,-48.231701420000000,217,0.35896024,10,19648.091949471822,27.649395229999982,0.38019085,16.182770212937815,0.827683687439785,5.2,6
10.618641560300000,-11.698496044000001,-47.109496839000002,388,0.53293645,10,17053.936565610697,34.87679852000002,0.39772087,17.323942116024718,0.8812940520257596,5.5,6
7.963153512260000,-7.550835555000000,-47.440413157999998,175,0.9949936,10,18027.401210938027,29.18237720000002,0.45314425,21.850099156750552,0.839054814664571,5.2,6
10.086321293199999,-12.148367101000000,-48.889942316000003,281,0.51220214,30,17216.10758324225,34.71444257000002,0.38560984,14.993186146063977,0.8800897520409718,5.2,6
9.237763768900001,-6.768108403000000,-47.779643342999996,391,1.085118,40,17886.24061050579,32.06035004,0.3457405,14.993186146063977,0.8604026165001777,5.3,6
9.253080721030001,-9.981588156999999,-48.015384838999999,348,0.7613646,30,18673.263251310706,31.86552290000003,0.5030804,17.30995587404998,0.8589574565184325,5.2,6
7.571496159840000,-8.859186031000000,-48.322367302000004,210,0.15945281,30,20061.85278794156,33.634348250000016,0.32869038,18.030882618717,0.8720779879316467,5.2,6
9.846591159100001,-11.162595803000000,-47.458733090999999,463,1.099716,10,17669.17463025682,32.96270732000005,0.53263944,15.34986109000271,0.8670959890472091,5.5,6
6.680614376810000,-9.825484029000000,-49.314592955000002,264,0.86365026,30,20419.41168250412,37.28308460000005,0.4716128,16.266151821876864,0.8991430454845094,5.0,6
7.991255609620000,-10.170900252999999,-49.423815933000000,237,0.45597073,30,19916.063228959007,36.85412309000003,0.47012296,15.755326198110874,0.8959611581562805,5.2,6
7.840604819590000,-9.233833616000000,-48.419971912999998,250,0.7981848,30,19323.89188642212,35.42880875000003,0.3923478,15.755326198110874,0.8853886719740383,5.3,6
8.408020359129999,-10.611704330000000,-49.287179293999998,228,0.5036802,10,19245.118269769308,32.87042078000002,0.4094819,15.445171269807034,0.8664114395821716,5.2,6
10.194989906800000,-11.024083760000000,-47.260399835999998,410,1.3472916,30,17554.29805438075,36.57213644000001,0.37521383,19.314476545550026,0.8938694792353331,5.4,6
9.480493823270001,-9.986683837999999,-48.073648972999997,400,1.0043209,10,18542.089377023076,31.345983860000047,0.56628966,16.7361554511226,0.8551036965671117,5.2,6
8.647655465880000,-7.932298214000000,-48.610116591000001,469,0.6483481,10,21219.53750066208,31.092195875000016,0.48843756,15.1267175386885,0.853221185538259,5.3,6
11.199376167100001,-12.676407942999999,-46.749195763000003,413,0.35858297,30,15072.0906315723,37.36853510000003,0.35792318,14.839035466236718,0.899776887581766,5.6,4
7.961617074920000,-11.620920920000000,-49.318781629000000,306,1.442125,10,17692.67252235666,32.13611615000002,0.48980212,14.433570358128554,0.8609646231597454,5.2,6
6.931730789530000,-7.641163821000000,-48.411621267000001,232,0.79494804,30,19787.649434883257,32.984924449999994,0.45647198,18.35058090506774,0.8672607879924954,5.2,6
6.720602923100000,-11.740594441000001,-49.362815351999998,231,0.6295386,30,17425.080572404702,32.15434559000005,0.5094941,16.602624058498076,0.8610998428071603,5.4,6
4.234393127980000,-12.176574591000000,-47.791505356999998,542,4.8112264,10,15576.802922957673,26.701871257142898,0.5277853,15.244500574344883,0.8206552840699186,5.4,6
8.159189360230000,-8.512504807999999,-48.613908320999997,397,1.715932,30,20303.268714367412,33.68262778250005,0.39452866,16.091798434732087,0.872436108716597,5.3,6
6.538850096380000,-6.997865732000000,-48.943477801999997,178,0.71345407,10,19669.443436403555,28.770505790000016,0.5096678,17.792208125371914,0.8359996957557936,4.8,6
9.227835127200001,-10.183611037000000,-48.646223988000003,380,0.9113825,40,18356.941124954745,33.22931288000001,0.28080416,15.819864719248445,0.8690735763906497,5.0,6
8.054909187550001,-10.549300257000001,-48.969608848999997,312,1.5795788,30,18593.613369082428,31.343420345000027,0.56369346,15.34986109000271,0.8550846813041938,5.4,6
9.017868205650000,-12.180890207999999,-46.519731594000000,465,2.3643036,10,17102.20823549255,31.86552290000003,0.5498893,17.124813440914384,0.8589574565184325,5.8,4
9.619249749130001,-11.461756813999999,-50.238442511999999,193,0.31635883,10,17161.963023652817,32.761044140000024,0.43956482,20.94939354328511,0.865600121697683,5.4,6
6.916551308270000,-12.713286102000000,-46.510639996000002,447,0.47872218,30,14704.030536148242,35.95572637285716,0.3903826,14.433570358128554,0.8892971636874079,5.7,6
7.980209125680000,-11.914603884000000,-48.622573051000003,252,0.55428463,30,18227.58019340823,32.99346950000006,0.37171337,22.19797251605733,0.8673241722022216,5.4,6
7.940634269480000,-9.905794934999999,-47.681173242000000,297,1.9255362,30,18231.407537118983,33.41046793999999,0.5165866,17.48992725349898,0.8704173216368339,5.1,6
8.326068837279999,-8.633452889999999,-47.189740917000002,344,1.3464166,20,18118.165394776042,30.91531334000001,0.48935312,14.993186146063977,0.8519091323969376,5.3,6
8.411095892360001,-11.205622041000000,-49.109229761000002,276,0.486751,30,18727.639097790438,33.99836737999999,0.47153476,16.44847337867082,0.8747781552659603,5.3,6
7.014365130860000,-8.281878098000000,-48.355447226999999,250,0.47830468,30,20997.236137672237,33.43439408000006,0.35018235,14.993186146063977,0.8705947974240663,5.4,6
7.748880324890000,-10.239472094000000,-49.413295192000000,214,1.0325793,30,19984.866113661184,33.89411776999998,0.5190263,15.686333326623922,0.8740048679073069,5.1,6
8.662776511110000,-10.652538974000000,-50.452155005999998,180,0.05513457,30,18790.723154501302,32.91357328250001,0.4477283,15.244500574344883,0.8667315298412862,5.3,4
9.227700227470001,-7.971534506000000,-46.803623012999999,294,0.9347669,50,16957.636616867767,35.588601185000016,0.3458752,20.321062314853556,0.8865739566959082,5.5,6
7.040632716280000,-9.112841918000001,-49.665732278999997,187,0.48944682,10,20401.792219481555,32.679011660000015,0.5092539,20.043957485185203,0.8649916332843165,4.9,6
8.077486773800000,-12.340610148000000,-50.530752362999998,203,0.1736519,30,17995.10278148362,32.910297679999985,0.45965385,17.701236347166187,0.8667072325608911,5.4,6
7.952759395850000,-12.753486647000001,-50.234094231000000,225,0.31168923,30,18086.266653611696,33.73176182000003,0.4761822,17.6116241884765,0.8728005679225195,5.7,9
7.596699478870000,-6.565870811000000,-48.053723847000001,214,1.4337633,10,19170.101163338157,27.869857519999982,0.4118004,16.602624058498076,0.8293190000507074,5.4,6
7.920035052060000,-10.613982811000000,-49.853218548999997,179,0.11026046,20,18895.185151778584,31.06570622000004,0.52161515,14.656713909442765,0.8530246944881096,5.5,6
5.943448746410000,-8.133577557000001,-48.469119425999999,221,0.70294863,30,21291.58687908773,35.51059708571427,0.4463123,15.244500574344883,0.8859953494099836,5.3,6
7.172345935010000,-11.082281698999999,-49.558345854000002,195,0.20866057,30,18842.339398689426,31.86894092,0.52744275,17.378009337294994,0.8589828102023226,5.1,6
8.902802232679999,-11.510079384000001,-50.477304676999999,189,0.055216573,30,17471.676110082437,34.92806882000002,0.3682192,17.914810447464244,0.8816743572841137,5.2,6
10.395062991100000,-12.056251870000001,-48.912083838999997,275,0.5297516,30,17350.44826443558,36.84557804000002,0.34099454,15.34986109000271,0.8958977739465548,5.2,6
6.890616384640000,-7.499270338000000,-48.612137869000001,275,0.9114819,10,19655.709173801893,32.484184519999985,0.5374623,16.573636521624824,0.863546473302571,5.2,6
6.925835677940000,-7.565594512000000,-48.119328119000002,255,1.2285095,10,19550.801029407747,32.636286410000025,0.47894704,16.998519715590092,0.8646747122356881,5.2,6
10.777964984900001,-10.558080640000000,-47.888955703000001,325,1.4301251,10,17636.11904308357,30.97000165999998,0.4211255,17.337735438157054,0.8523147913391815,5.4,6
7.809746759560000,-9.370830043000000,-48.621233836999998,291,1.3005176,10,19807.139630064754,32.98962422750003,0.44179234,14.839035466236718,0.8672956493078448,5.3,6
7.126296037350000,-8.637129736000000,-48.830881673999997,293,1.7537585,10,20481.647243333096,33.01397761999999,0.5343626,17.756806198320998,0.8674762943055627,5.4,6
6.413770008550000,-12.438836018000000,-47.395435280000001,332,1.1454283,10,15237.529282875737,30.37270266500002,0.54237914,22.285328807551384,0.8478842350793573,5.6,6
9.100546216010001,-10.037332137000000,-47.873634101999997,315,1.182908,40,18348.02464529404,31.17850088,0.47412702,14.993186146063977,0.8538613660564881,5.4,6
8.363888375080000,-11.568298821000001,-48.986730913000002,297,0.42402092,30,17898.30894655538,33.131899309999994,0.43936214,15.244500574344883,0.868350996399777,5.3,6
6.840457570590000,-7.029823168000000,-47.980871733999997,246,0.99704134,30,18812.871819505748,32.96783435000003,0.4760627,14.656713909442765,0.8671340195730444,5.2,6
9.466912808649999,-10.398821170000000,-48.002709723999999,400,2.2671335,30,18020.36377993744,28.977296000000024,0.567985,17.23693073903509,0.8375335936311549,5.2,6
8.521598845230001,-9.548989691999999,-48.498137819000000,218,0.5826076,30,19427.668053111673,33.55402478000002,0.46089762,19.90268479561859,0.8714821763602254,5.2,6
8.999761798930001,-12.969837178000001,-49.377918852999997,261,0.4411236,30,16719.435384770077,34.28889908000002,0.4354408,14.656713909442765,0.8769332183966333,5.4,6
8.449653431990001,-10.388163826000000,-49.468961200000003,194,0.2816976,10,19282.02768899702,32.62945037000003,0.5472474,18.6419873766105,0.8646240048679077,5.2,6
6.218640764330000,-6.484625930000000,-48.242073335999997,160,0.77868265,30,19672.419030668985,30.79739165000001,0.415948,14.656713909442765,0.8510344303027232,5.2,6
7.551699117470000,-10.105911326999999,-48.753040650000003,327,0.70428103,30,18934.551446033176,33.58478696000003,0.4866814,16.091798434732087,0.8717103595152379,5.2,6
5.689229661100000,-7.459392324000000,-48.858031857999997,223,0.7338336,30,19653.86596604654,34.47859919000001,0.53277147,14.656713909442765,0.8783403478525432,4.9,6
10.699979659800000,-10.323569532000000,-47.811623914999998,335,0.31898612,10,17904.885683582994,24.916688239999985,0.38926396,14.433570358128554,0.8074134171695148,5.2,6
7.551021904750000,-7.784759900000000,-48.077881122000001,232,0.38356546,10,19830.63914237139,27.624614585000018,0.44304338,15.819864719248445,0.8274998732315808,5.2,6
10.310084134400000,-10.781892595000000,-47.682755770000000,342,0.92740995,10,17162.78511575028,30.23170934000001,0.5807604,16.93909629511929,0.8468383956188836,5.5,6
11.556142211899999,-9.909782320000000,-48.175028910000002,568,1.8371987,10,18519.35635464637,30.190693100000033,0.44948158,15.244500574344883,0.8465341514122006,5.1,6
9.478012026109999,-11.891596668000000,-46.950877089999999,402,0.45330673,30,16383.722237746406,34.88021653999999,0.39800116,14.656713909442765,0.8813194057096497,5.8,6
8.755232114869999,-11.721212179000000,-50.360470413999998,193,0.039467808,30,17780.9061992439,32.95928930000002,0.39326173,15.6122253544702,0.8670706353633186,5.4,6
6.362347199810000,-9.488010342000001,-49.335289977000002,255,1.0996712,10,21263.454066334347,33.971023220000006,0.50144947,16.44847337867082,0.8745753257948382,5.0,6
7.057508127990000,-9.790668205999999,-48.290637547999999,252,5.8779674,30,18423.715214788022,31.034944040000028,0.48244977,18.128680361993126,0.8527965113330971,5.3,6
6.663760988610000,-13.065253255000000,-46.978020141999998,498,1.0376548,20,15147.45483019012,30.12660522500005,0.47142732,16.831465630926925,0.8460587698392581,5.5,6
5.434726725310000,-12.976760519000001,-48.066584265000003,551,6.4075828,20,15820.663891576956,29.386774796000054,0.4759767,17.2216632669043,0.8405709649612094,5.4,6
7.641050436040000,-7.925182757000000,-47.204454345000002,253,1.9105768,10,18735.13855435649,27.735871136000014,0.4602021,14.839035466236718,0.828325135642209,5.4,6
6.677252054480000,-7.988948204000000,-49.087197007000000,190,1.0321149,30,19350.31616496388,34.58370330500003,0.44325852,18.18893955351132,0.8791199736321691,5.1,6
10.276735444300000,-11.325228711999999,-47.131897342000002,470,0.94070935,20,17347.72178892055,35.38950152000001,0.35234043,16.998519715590092,0.8850971046092999,5.5,6
9.532385991740000,-12.931567410000000,-49.844711787000001,323,0.93867695,30,17755.316457328227,35.42709974000002,0.41468212,15.244500574344883,0.885375995132093,5.2,6
5.905775352760000,-13.030992586000000,-48.041583823000003,403,8.525784,20,15437.161374932663,31.24378506200003,0.4930006,17.281382501605922,0.8543456214187926,5.5,3
6.955702388510000,-11.836933223000001,-47.762803089999998,301,1.0848209,20,16804.981538995664,29.454679460000023,0.5052512,14.656713909442765,0.8410746581478292,5.4,6
10.391604609500000,-9.900134162000001,-46.657673391000003,345,1.1032714,30,15880.872367693559,38.02821296000002,0.30510044,16.979101629732988,0.9046701485725879,5.6,6
8.906269431580000,-10.848105232000000,-48.742427526000000,279,0.22060668,40,18608.120595457192,33.902662820000046,0.40625086,14.656713909442765,0.8740682521170331,5.6,6
8.629942784920001,-10.631338338999999,-48.522820836000001,429,2.8873482,10,17650.857785468932,32.68242968000004,0.4680082,14.993186146063977,0.865016986968207,5.5,6
9.332694544390000,-11.665290912000000,-50.199939811000000,193,0.07729086,30,17288.760805772567,31.749310219999984,0.46097675,14.433570358128554,0.858095431266163,5.4,4
7.820328510570000,-6.179424934000000,-47.426730179000003,137,0.36517608,10,18342.770551014983,36.578972480000004,0.36334988,25.109963143002904,0.8939201866031136,4.9,6
6.463142366320000,-8.148582951000000,-48.520891394000003,243,1.8216321,30,20486.277851413655,33.70213898000003,0.42743102,15.755326198110874,0.8725808359954705,5.5,6
8.564888023150001,-11.984237657000000,-49.706545501000001,199,0.11593621,10,16621.36264692738,32.15947262000003,0.48988402,21.632875221088963,0.8611378733329956,5.6,6
10.291384645999999,-8.192446643000000,-47.056232168000001,442,0.4038092,40,18295.233453964483,28.59219908,0.32602385,14.656713909442765,0.8346770785795178,5.3,6
10.285041409400000,-10.269242419999999,-47.638155290999997,350,1.2178564,10,17240.034869431307,31.58866327999999,0.3655764,15.937647754904829,0.8569038081233203,5.2,6
11.164127833600000,-9.276037532000000,-49.998348776999997,166,0.22006391,30,19876.497474643533,31.169711685714333,0.18707849,24.690975306058785,0.8537961708693421,5.4,4
9.145041587340000,-10.711533007000000,-49.127460644000003,294,1.2967429,10,18862.805196105735,33.00577437200002,0.44859493,18.13487233224105,0.8674154454642262,5.2,6
6.911839392950000,-8.851441178000000,-48.789605565000002,251,0.97314155,10,20309.83516350314,34.80672910999999,0.49729133,15.34986109000271,0.8807743015060089,5.4,6
8.985596957689999,-8.160522869999999,-47.360099654000003,293,0.4782955,30,18838.04712453283,30.485497324999983,0.3443084,17.952550775447094,0.8487209066477359,5.3,6
8.744938135240000,-10.425621788999999,-49.684924717000001,190,0.5970712,10,19159.705194527673,34.03767461000001,0.4282271,17.4417251516811,0.8750697226306985,5.5,6
4.510689356500000,-12.422970457000000,-46.905303768000003,352,0.52552813,80,15003.838113028756,31.31294300000002,0.4771232,20.821711507311623,0.8548586109561722,5.5,6
8.126388246790000,-12.116665837999999,-50.421116150000003,205,0.19605249,10,17009.358865013666,29.550839756000016,0.6293157,14.656713909442765,0.841787941787942,5.4,4
6.196357127360000,-9.337866878000000,-49.120975682000001,234,0.85654527,30,21515.56599035362,36.28844078000003,0.46660632,17.97452968216587,0.891765123472441,5.1,6
7.727932281440000,-8.590979014000000,-47.706968126000000,263,1.1879731,20,19434.68852673043,31.87748597000001,0.43741602,19.13632087245551,0.8590461944120483,5.1,6
8.142727474419999,-12.591641557999999,-48.144906904999999,294,0.8395324,20,15859.976719359243,33.430976060000035,0.48276567,15.244500574344883,0.8705694437401759,5.4,6
7.658870598180000,-11.587763745000000,-49.666328855000003,192,0.12246422,30,17307.209231250363,30.457298659999992,0.513166,21.31575138599126,0.8485117387556412,5.4,4
10.932650584199999,-11.022650327999999,-48.029424816000002,285,0.7000261,10,17816.088131376415,35.26417412000001,0.362138,17.99603588738683,0.8841674695333234,5.5,6
6.816353060910000,-6.139448678000000,-47.940348151000002,196,1.1554478,30,19166.360338302708,26.471887340000023,0.46925008,16.305372535030145,0.8189493433395876,4.9,6
7.476747737820000,-11.550635372000000,-49.121061034999997,254,0.47827446,30,17930.62078268855,30.903350270000033,0.5123313,16.959299002436808,0.8518203945033217,5.4,6
7.098943892070000,-8.222587963000000,-47.087559421000002,350,4.6367803,10,18184.180193183205,31.30106131142861,0.5217344,15.1267175386885,0.8547704767216967,5.5,6
10.231173245300001,-10.730417678000000,-48.110240589999997,280,1.7823968,10,17975.01322552503,33.04132178000003,0.39483464,16.44847337867082,0.8676791237766851,5.5,6
10.407834244700000,-10.937072311000000,-48.121040299000001,264,0.4597217,10,17680.728309003673,30.252217459999997,0.5199844,18.267631822086987,0.8469905177222251,5.4,6
9.569629034089999,-9.467562995000000,-47.082931871000000,263,1.1880752,10,17539.39090972844,30.55983925999999,0.41274723,19.500900995901354,0.8492723492723493,5.6,6
6.368068577210000,-12.951378952000001,-48.692927511000001,351,1.4815211,30,16846.30625698925,30.429954500000008,0.5983826,16.182770212937815,0.8483089092845192,5.6,6
10.316179260000000,-12.572529241000000,-49.337528904000003,230,0.2643451,30,17079.604323586653,36.58580852,0.4596225,19.75413833361141,0.8939708939708941,5.2,6
8.591648966410000,-8.547986107000000,-47.080866088000001,320,0.7455746,20,17933.196708921867,32.94988974500001,0.45609352,15.88048934106488,0.8670009127326203,5.4,6
7.361906652560000,-9.536769498000000,-48.681663245000003,281,2.6668289,10,19569.264824854057,32.67217562000002,0.50792396,16.414571826995136,0.8649409259165359,5.3,6
9.803343091650000,-9.508881978000000,-46.930517070000001,297,0.546666,20,17347.95774891231,33.99836737999999,0.40353027,19.46073495417602,0.8747781552659603,5.6,6
8.342056456910001,-11.125955778000000,-48.607905189000000,225,0.16221163,30,18459.068513587023,34.46834512999999,0.47490984,15.532182646796663,0.8782642868008722,5.3,6
6.088831966410000,-10.359963972999999,-48.145905261999999,334,12.763029,10,18165.836235899267,26.59493606000001,0.43183574,16.573636521624824,0.8198620759596371,5.3,6
8.186886730940000,-6.767324967000000,-48.902650608000002,143,0.74435157,30,19808.057897984785,27.235814810000022,0.1438791,16.853938486778983,0.8246158916890627,5.1,6
8.509900417550000,-11.195214983000000,-48.406449776000002,352,5.01815,10,18089.51834095372,25.43280926,0.5050101,16.091798434732087,0.8112418234369455,5.5,6
9.282565782610000,-11.497100029000000,-50.205683804000003,195,0.055215906,30,17161.963023652817,33.10968218000005,0.43094227,18.064555833823587,0.8681861974544907,5.4,6
8.114444654090001,-10.840935569000001,-49.356337031999999,201,0.21137263,10,19251.765468723013,32.058071359999985,0.5364382,18.960779002646934,0.8603857140442507,5.2,6
7.878907808150000,-9.053642749000000,-48.537338155000000,252,1.2002496,30,20100.29432575361,34.307698189999996,0.3473788,17.513184115663247,0.8770726636580296,5.5,6
12.947099977500001,-10.051172771999999,-46.459646804000002,627,1.7559112,30,15033.229586345898,32.93536316000001,0.3222735,14.145888285676772,0.8668931595760866,5.6,6
11.797502255600000,-12.715826008000001,-49.167970650000001,270,0.44258192,10,16942.84400714918,36.28331375000005,0.39453742,15.1267175386885,0.8917270929466057,5.4,6
6.973267924100000,-12.315719156000000,-48.603600098999998,270,0.35218063,40,17003.62168199249,33.28955548250002,0.4757435,17.579875490161918,0.8695204350692158,5.5,6
6.710910040260000,-9.101622518999999,-49.396836090000001,180,0.22610305,10,20957.822000153217,33.971023220000006,0.535445,20.480942537174833,0.8745753257948382,5.0,6
8.681713700420000,-10.201029956999999,-48.533663633000003,314,0.42266226,30,17856.180217449997,35.42026370000002,0.34853038,14.839035466236718,0.8853252877643124,5.1,6
6.680864728150000,-8.206540110000001,-48.332715778000001,202,0.74003047,30,21058.328073360928,33.10968218000005,0.33845523,16.343112863012994,0.8681861974544907,5.3,6
6.438960074270000,-11.908978191999999,-47.714375709999999,320,0.5410203,20,16141.376580675027,28.61327687000005,0.47505182,14.839035466236718,0.8348334262968414,5.3,6
9.866045421710000,-10.031163919999999,-46.959426575999998,359,1.0179776,20,17203.406930118897,38.77675934000001,0.36411595,17.738623879237807,0.9102226053445568,5.4,6
8.230247171300000,-9.199620036000001,-48.174900405999999,305,0.94295657,40,19112.968157481457,32.59014314000001,0.354094,14.433570358128554,0.8643324375031695,5.1,6
6.040072214140000,-7.761165371000000,-49.008019689999998,211,0.8271688,30,19458.437623950223,33.68049152000003,0.49540043,14.433570358128554,0.8724202626641655,5.0,6
9.948708629200000,-12.399133367999999,-46.589554841999998,410,0.23522323,30,16357.253492356835,33.20709575000001,0.507746,17.107719007555083,0.868908777445363,5.6,4
8.079690163600000,-9.821526734000001,-48.683037996000003,279,0.9811775,30,19769.70239810902,36.319202959999984,0.39997357,15.244500574344883,0.891993306627453,5.5,6
8.043603352910001,-11.417091676000000,-48.587015549000000,223,0.039426465,80,17851.771464610603,30.501732919999995,0.49575922,24.44155305199413,0.8488413366462148,5.5,6
8.942183945169999,-9.793762788000000,-47.874330596999997,243,1.9752173,10,18244.655417040172,29.879653280000014,0.50135905,22.88926041695074,0.8442269661781859,5.4,6
7.250746723870000,-8.274029057000000,-47.015094285000004,278,3.221302,20,17758.323778639402,29.659190990000013,0.58621293,18.81871712013868,0.8425916535672635,5.5,6
6.915530931790000,-7.546660699000000,-48.456266679000002,315,2.3002589,30,19722.150926695544,32.11982358800003,0.46880597,14.839035466236718,0.8608437705998685,5.4,6
10.317496094799999,-10.767166491999999,-47.117078745999997,418,1.4049103,20,17592.412778845835,39.324326144,0.36537367,14.656713909442765,0.9142842655037778,5.5,6
8.748417123970000,-10.672160151000000,-49.924281774000001,181,0.055136412,30,19064.476824876634,32.984924449999994,0.4449043,20.236443735428985,0.8672607879924954,5.5,6
8.301329126210000,-13.133770413000001,-48.075914459000003,377,3.6672504,20,15229.198146318222,33.07379297,0.41694963,16.305372535030145,0.8679199837736424,5.5,6
10.702005566400000,-12.248354504000000,-46.835109905000003,389,0.31636375,20,16373.274697807892,33.71808973999998,0.495154,16.22532982735661,0.8726991531869581,5.3,6
10.603314495399999,-10.151121912000001,-46.715133924000000,361,0.74360853,30,16425.521566727184,36.00474512000005,0.40021953,20.282895138075414,0.8896607677095487,5.6,6
7.928809701760000,-11.995258632000001,-47.197404900000002,337,0.8319949,10,15952.96629823056,30.467552720000015,0.50988495,18.532072930499318,0.8485877998073122,5.6,6
10.757125562700001,-10.599441821999999,-47.140906848000000,463,2.5383072,30,17369.16274387574,40.03800871999999,0.26130903,14.656713909442765,0.919578114700066,5.7,6
8.998067221710000,-10.003123258000000,-46.942984580999997,317,1.8768461,20,17177.924623299117,37.11218359999998,0.36728653,14.433570358128554,0.8978753612899955,5.5,6
9.136809131280000,-12.761464339000000,-47.526461693999998,336,0.23523258,10,15340.7542313154,32.30644748000003,0.49335358,15.244500574344883,0.8622280817402772,5.6,6
10.411740437300001,-8.111446535000001,-46.533104731000002,416,0.34998852,40,15438.58150050481,32.51836472000002,0.48104763,18.91939378648408,0.8638000101414739,5.5,6
9.377805724550001,-10.941099696000000,-47.686055322999998,342,2.1259346,10,17146.614662851967,30.400474077500007,0.5547343,16.266151821876864,0.8480902337609657,5.5,6
8.976752898359999,-10.436945173000000,-49.829406239999997,182,0.16534498,10,19218.927941282927,29.763440600000024,0.51158565,20.14565163559945,0.8433649409259169,5.3,6
9.091239037819999,-13.173124317999999,-47.427115477999997,349,0.37168342,20,14886.034519911113,33.82268115199997,0.54512006,15.1267175386885,0.8734749759140003,5.5,6
9.830670471090000,-10.904222405000001,-46.490350534000001,579,1.4159232,30,15644.990562775163,36.395083004000014,0.2523793,16.7361554511226,0.8925561584098172,5.8,6
8.039477752090001,-11.182724727000000,-49.719576340000003,189,0.05518502,30,18494.847059128388,29.99586596000006,0.5119813,16.48126320149381,0.8450889914304555,5.4,6
8.405778081110000,-11.277054164000001,-48.520468278999999,268,2.8665228,30,18176.911309154377,34.774257920000025,0.35978252,15.819864719248445,0.8805334415090516,5.4,6
10.415563823699999,-9.420711832000000,-47.076145380000000,318,0.39362875,20,17731.230706268543,34.70361883999999,0.2978233,19.869473387629153,0.8800094653753191,5.5,6
9.483023519770001,-10.239678169999999,-47.479268075999997,334,1.0786731,20,17137.105185617085,34.68453489500001,0.40353432,14.656713909442765,0.879867907306932,5.3,6
7.730703851260000,-10.213773261000000,-49.552442839000001,199,0.77143544,10,20066.71320524075,31.29984059000003,0.6016178,17.323942116024718,0.8547614218345929,5.1,6
9.329555323610000,-11.424802170000000,-48.225924313000000,288,0.72872525,10,17618.043267184126,32.63799542000004,0.46289438,16.091798434732087,0.8646873890776334,5.3,6
7.329255201130000,-12.716832199000001,-48.582562576000001,419,5.8916645,10,16531.6848932198,33.37799675000002,0.4657615,16.266151821876864,0.8701764616398766,5.6,6
8.948948900050000,-12.164536025000000,-49.606009340000000,258,1.396006,10,16973.102026148852,33.755687960000046,0.45316613,15.1267175386885,0.8729780437097515,5.2,6
9.461760461660001,-11.857599434999999,-50.466361882000001,197,0.039488904,30,17465.426035836455,32.02958785999999,0.3853905,15.244500574344883,0.8601744333451652,5.3,4
9.485882298160000,-10.574564182000000,-47.516713023999998,341,0.9927825,30,17611.16662350872,32.976759180000045,0.4851264,14.656713909442765,0.8672002208587579,5.4,6
10.190147430700000,-8.208899183000000,-46.627662364000003,392,0.780851,30,16217.818507746508,31.301549600000044,0.3755909,16.305372535030145,0.8547740986765382,5.4,6
9.624754295970000,-11.184684698000000,-47.037526792999998,547,1.6655285,20,18202.322018558843,34.75374980000004,0.41167945,16.78494561529203,0.8803813194057101,5.6,6
8.269782451670000,-13.189742270000000,-49.359625629000000,314,0.44145423,20,16804.16647161622,31.858686860000034,0.509033,14.993186146063977,0.858906749150652,5.4,6
10.165090506100000,-10.464482646000000,-48.027263832999999,482,2.794749,10,18229.72018109185,29.84889110000006,0.5211632,15.445171269807034,0.8439987830231739,5.2,6
8.885853143109999,-13.178664310000000,-47.427971761999999,362,0.9409153,20,14886.034519911113,33.82268115199997,0.54512006,15.1267175386885,0.8734749759140003,5.5,6
6.625231424070000,-9.117255690000000,-49.119660588999999,224,1.1842474,10,21170.206333971695,38.01112286,0.40807787,18.720599264180155,0.9045433801531364,5.1,6
7.495226125560000,-10.156082027000000,-49.214325969999997,262,0.73551893,30,19879.582233019566,35.35703033000004,0.46631244,14.433570358128554,0.8848562446123427,5.2,6
9.464278967320000,-11.293893743000000,-46.905116343000003,521,2.0574708,30,17165.11303514663,37.132691720000025,0.38820094,17.930077919595035,0.8980274833933374,5.8,6
7.450942091610000,-9.126628492000000,-48.615606640000003,356,3.6689804,40,20101.85326023571,32.09623925000005,0.43833932,16.182770212937815,0.8606688301810258,5.4,6
7.083837561180000,-10.176440839000000,-49.011260837000002,269,1.7545115,30,19527.812638637817,32.888194483999996,0.48205423,16.630794935464774,0.8665432787384008,5.3,6
7.786301824810000,-8.697889656999999,-47.624798192000000,268,0.47833562,30,19108.01704194551,31.915084190000016,0.42861602,17.6820049852383,0.8593250849348413,5.1,6
6.596219948720000,-8.885918556000000,-49.472322949999999,211,0.78171784,10,21066.07299468667,39.18008570000001,0.38599163,15.1267175386885,0.9132143400436086,5.0,6
7.737844920830000,-12.293714717000000,-47.171254251999997,362,0.4150052,20,15203.466388782195,31.937301320000017,0.46745533,17.662396513849924,0.859489883880128,5.6,6
8.241724359110000,-9.087337703999999,-47.253092154999997,262,1.0565585,10,18570.358925460256,32.136828237500026,0.5203648,19.349894972753567,0.8609699051772226,5.4,6
7.682669899550000,-10.952689120000000,-50.229676286999997,196,0.124251485,10,18934.33720635313,31.334590460000015,0.508215,14.839035466236718,0.8550191842874773,5.1,6
8.838444692059999,-12.575864169999999,-47.874473864999999,295,0.72925115,20,14597.298230410774,31.22891667500005,0.45072934,15.1267175386885,0.85423533289387,5.4,6
10.077294222800001,-10.401592902000001,-47.259616753000003,307,0.51077425,30,17321.496556615384,35.30405102000003,0.40610388,17.85946035238108,0.8844632625120433,5.6,6
7.213340197320000,-10.793498583000000,-49.772571114999998,180,0.039341003,10,19451.80530076049,32.080288490000044,0.546205,14.433570358128554,0.8605505129895379,5.5,6
8.691081922010000,-9.925238954999999,-47.485879586000003,260,0.7342235,20,17621.57175398926,33.76936004000004,0.43813136,15.6122253544702,0.8730794584453125,5.4,6
6.964965509900000,-9.161044560000001,-49.738261330999997,180,0.23515233,10,20354.278737665234,31.616007440000033,0.64715004,20.896599815049225,0.8571066375944428,5.0,6
7.699129379850000,-11.899435278000000,-46.542927718999998,610,0.66304255,10,15765.058092090858,28.621821920000002,0.5533666,14.993186146063977,0.8348968105065667,5.5,4
8.086793931380001,-10.486489413999999,-50.427677185999997,179,0.11593621,30,18652.800956912877,34.429037900000026,0.43444052,15.755326198110874,0.8779727194361344,5.1,6
9.550025530190000,-11.531098738000001,-46.801956066999999,578,0.5839877,30,17211.174955046794,35.91929462000002,0.38071927,15.244500574344883,0.8890269256122917,5.4,6
8.032545090070000,-12.754838488000001,-48.285561559000001,299,1.9737185,10,15274.878314337444,31.157992760000013,0.54177564,22.240266730649733,0.8537092439531466,5.4,6
5.949706524200000,-9.132813807000000,-49.324881204000000,201,0.8537332,10,21225.03279054472,36.838742000000025,0.45044848,14.656713909442765,0.8958470665787742,5.0,6
9.531161167480001,-9.972917112999999,-47.210349887000000,247,0.7157134,20,17370.860174016496,35.67319717999999,0.3628969,19.33699156791766,0.8872014603721922,5.5,6
8.723558785190001,-9.431963867000000,-47.816844645000003,324,1.0115268,40,17999.190624388513,31.26053336000001,0.39204752,14.433570358128554,0.8544698544698547,5.0,6
8.377761140130000,-9.679229331000000,-49.916704553000002,184,0.36715055,30,19942.848324180082,32.55254492000006,0.43801543,14.433570358128554,0.8640535469803768,5.3,6
5.041125328780000,-11.434486365000000,-47.430895729000000,485,11.348181,20,17042.906905841643,30.03346418000001,0.43353182,15.937647754904829,0.845367881953248,5.8,6
7.034128110660000,-8.552753267000000,-47.966179838000002,216,0.80022246,30,20017.1614789089,30.624781640000037,0.43001047,18.304771369036445,0.8497540692662648,5.2,6
7.549380713440000,-10.847336321000000,-49.382141478999998,205,0.928244,10,19251.765468723013,31.14090266000005,0.59188753,19.043728085627684,0.8535824755336956,5.2,6
8.706764400010000,-9.436587056000000,-47.464842695999998,274,0.93603253,30,17990.977341572114,34.44698250500005,0.38547072,14.839035466236718,0.8781058262765585,5.6,6
8.337011255049999,-9.159139996000000,-47.283345355999998,280,0.6630423,10,18692.63136497086,33.66437799714288,0.49110913,18.267631822086987,0.872300738154397,5.3,6
8.974150628909999,-11.079909230000000,-47.332153855999998,366,1.2385448,20,17471.903686135396,33.1472804,0.5151201,15.34986109000271,0.8684650879772833,5.3,6
6.452933573300000,-8.713289858000000,-48.953156049000000,206,1.2905724,10,20965.21979313841,36.87975824,0.47751835,19.688458166749253,0.8961513107854573,5.2,6
10.285091989200000,-10.170748904000000,-47.627714963000003,400,2.1558745,20,17672.758712948984,32.23466905999999,0.3092627,15.1267175386885,0.8616956543785813,5.2,6
8.619086081880001,-8.415806287000001,-47.093208214000001,295,0.92709875,10,18063.722701975683,31.956100429999992,0.4728092,17.403984823698256,0.8596293291415243,5.5,6
8.543136378800000,-10.312419398999999,-49.538735320000001,194,0.36626828,30,19807.977278882514,38.45204744,0.40374625,18.256762149850083,0.9078140053749811,5.4,6
7.431412941100000,-11.317601603000000,-49.391691119000001,242,0.7384417,10,18482.013352033784,31.602335359999984,0.53512424,14.656713909442765,0.8570052228588814,5.1,6
7.415506673880000,-8.938639953999999,-48.074966005999997,240,0.31251478,40,19543.100478833145,36.165392060000045,0.283632,14.433570358128554,0.8908523908523913,5.0,6
7.437644216720000,-5.817849522000000,-47.797150934999998,263,0.6853054,30,16919.972045037604,33.21222278000005,0.5142909,14.433570358128554,0.8689468079711987,5.1,6
12.083021631299999,-12.322768081000000,-48.595333998999998,265,0.27957287,10,16969.990673852248,38.55857573000003,0.31165922,17.579875490161918,0.9086041951895614,5.5,6
5.988195003380000,-12.774324996000001,-48.433213664000000,614,8.2807255,20,15751.015889542356,32.16801767000004,0.44542098,15.445171269807034,0.8612012575427214,5.5,6
9.626776403899999,-9.286804692000000,-47.557565898000000,270,0.03864545,30,18410.80612728816,30.03346418000001,0.42189947,21.31395444031456,0.845367881953248,5.5,6
8.091456437420000,-9.955347393000000,-47.735110919999997,267,0.9362871,10,18110.577188693016,33.058411879999994,0.5090079,14.433570358128554,0.8678058921961362,5.2,6
9.395772479830001,-9.809946323000000,-47.113678254000000,284,0.7559534,30,17232.009318411103,35.003265260000035,0.3879661,15.34986109000271,0.8822321383296997,5.6,6
8.269349460040001,-5.689425419000000,-47.757491252000001,250,0.20899986,10,16215.266687810334,31.749310219999984,0.454147,15.686333326623922,0.858095431266163,4.8,6
9.601932305389999,-6.654673753000000,-47.501007848999997,195,1.464445,10,17875.55926286306,28.379142500000057,0.024936648,15.1267175386885,0.8330966989503581,5.1,6
9.971025322530000,-10.892487751999999,-46.489091676999998,604,1.0034359,30,15542.295029489856,36.395083004000014,0.2523793,14.145888285676772,0.8925561584098172,5.8,6
7.410528647560000,-5.942120944000000,-47.907306921000000,223,0.5274798,30,18611.642722022414,31.40750822000001,0.41718596,15.34986109000271,0.8555600628771363,5.1,6
7.667408995780000,-12.148976330000000,-48.323028735999998,311,1.1618971,10,17479.54764280974,32.01591578,0.4621082,16.44847337867082,0.8600730186096042,5.4,6
8.217852281790000,-12.194629779000000,-50.034815088000002,203,0.08681613,10,16734.002803880496,32.02389116000006,0.47923353,16.573636521624824,0.8601321772053485,5.4,6
8.580686479390000,-11.604861551000001,-50.608461368000000,194,0.08786072,30,17296.059790059713,34.93148684000005,0.35496753,14.656713909442765,0.8816997109680041,5.2,6
9.442138630500001,-10.289436516000000,-49.876601758000000,181,0.087545685,10,18695.530697973012,30.01637407999999,0.52680486,20.58736631715399,0.8452411135337965,5.3,6
7.535595652110000,-7.510692370000000,-48.102907149000004,234,0.5897629,10,19561.463855929112,28.623530930000015,0.44843763,16.379480507183867,0.834909487348512,5.3,6
8.400701566480000,-12.896608498999999,-48.108609115999997,481,6.081711,10,15427.757387627584,33.854430760000014,0.40236044,14.656713909442765,0.8737104834665813,5.5,6
6.663918886540000,-9.341533828999999,-49.262686782000003,197,0.28127337,30,21178.46558834318,33.924310279999986,0.47146514,19.340695275855143,0.8742288254483377,5.0,6
9.990088325189999,-11.075634525000000,-47.869113390000003,356,2.0507371,20,17345.913214206998,30.518823020000013,0.5066431,16.543783558475145,0.8489681050656663,5.6,6
9.173471106610000,-9.336034893000001,-46.871306177000001,349,2.0058842,20,17063.957967838673,31.572000432499976,0.48182547,15.937647754904829,0.8567802089143552,5.6,6
9.326963917170000,-10.864604876000000,-48.964651523999997,314,0.66510314,10,18830.159516052558,32.78667929000005,0.44639453,15.88048934106488,0.8657902743268602,5.4,6
7.555709022160000,-12.141348469000000,-46.442514995000003,539,0.8730075,30,17162.371560211526,31.290270134000025,0.4851152,15.244500574344883,0.8546904315197001,5.7,6
8.564100359490000,-11.536893920000001,-50.130208746999998,192,0.03864545,20,16911.34697107339,30.173603000000014,0.56326425,14.839035466236718,0.8464073829927491,5.3,6
7.188070940020000,-8.015334835000001,-48.039984410000002,210,0.19513346,20,20348.218874385773,31.591397696000058,0.3895332,17.295771239058023,0.8569240910704331,5.1,6
7.595869144620000,-6.431411194000000,-47.691988561999999,260,1.6128135,30,18283.859134164657,31.32547574,0.38894483,15.6122253544702,0.8549515744637698,5.1,6
8.180233220610001,-11.725672982000001,-49.168047571999999,337,0.8559912,30,17669.0476559687,29.96852180000002,0.29101187,14.433570358128554,0.844886161959333,5.2,6
7.120033716910000,-9.522582316999999,-48.974177716000000,350,1.4233706,10,20851.040494714172,34.57698933714289,0.5079692,14.656713909442765,0.879070171753099,5.4,6
8.189318655159999,-10.766428943999999,-50.048844592000002,180,0.12242809,30,18301.24939793104,35.393489209999984,0.38664803,14.433570358128554,0.8851266839071718,5.4,4
6.631672724310000,-6.699658313000000,-48.344550028999997,246,1.7104751,30,19869.027852507075,30.423118460000012,0.4529368,16.13831845036698,0.8482582019167387,5.2,6
8.657263758130000,-11.860418458000000,-50.346639592000002,193,0.05525254,30,17399.85006811439,32.40215204000003,0.40433842,15.445171269807034,0.8629379848892048,5.4,6
7.442445193680000,-11.439505590000000,-49.156943879000004,244,0.63201016,30,18339.117470496003,28.714108460000034,0.4634225,16.043008270562655,0.8355813599716042,5.4,6
6.061053944270000,-11.518958210999999,-46.810933417000001,563,0.57985735,30,17314.41637722258,29.636973860000012,0.56052995,17.141620559230763,0.8424268546219768,5.4,6
10.886095893300000,-10.429383800000000,-47.734533874000000,382,1.0237018,10,17613.057616319267,31.40750822000001,0.43013635,19.204254982594218,0.8555600628771363,5.4,6
8.852747021670000,-9.167383135000000,-47.388263639999998,276,0.5950433,20,18829.599650278273,31.392127130000006,0.3784444,16.93909629511929,0.8554459712996301,5.3,6
7.261141035080000,-8.886838107999999,-48.116689422000000,187,0.7860666,30,19685.1386426469,31.27420544000006,0.3102548,14.656713909442765,0.8545712692054162,5.2,6
9.957621525720000,-10.689323548000001,-48.167458236000002,269,1.22874,40,17838.08143289699,32.990051480000034,0.44954318,18.355543694409867,0.8672988185183311,5.5,6
9.479255911659999,-9.499906167000001,-47.084934506000003,282,1.1007445,20,17539.39090972844,33.52326260000001,0.40047547,19.500900995901354,0.8712539932052129,5.6,6
9.202094942350000,-10.432122013000001,-50.244469391999999,176,0.07858941,30,18315.76357597755,32.53374581000003,0.4442262,14.993186146063977,0.8639141017189801,5.4,4
8.806825026989999,-10.502071503000000,-50.406735433999998,179,0.23517898,30,18430.50921949928,34.429037900000026,0.43444052,14.656713909442765,0.8779727194361344,5.3,4
7.563481517720000,-6.074607484000000,-47.958426156000002,255,0.7468808,10,19617.90110373844,32.00224370000001,0.33838502,14.433570358128554,0.8599716038740431,4.9,6
6.598233348110000,-8.213896536000000,-47.947076537000001,212,0.57719034,30,20019.636110371834,33.21734981000003,0.41740677,14.993186146063977,0.868984838497034,5.2,6
9.271701299800000,-10.165621715000000,-46.933109029000001,272,0.89929605,30,17283.289322058,39.17666768000004,0.3570097,17.672248810292935,0.9131889863597185,5.7,6
6.592999308230000,-7.562118693000000,-49.203442483000003,200,0.7210176,30,19340.88967172944,34.90243367000005,0.41926658,15.991714976175103,0.8814842046549369,5.1,6
9.183287898420000,-9.674130438000001,-48.365204478000003,211,1.4629529,30,19106.359993952323,30.747830360000023,0.450395,24.53055635601329,0.8506668018863144,5.3,6
7.365803229840000,-12.501882811000000,-48.474205673999997,292,0.6166441,30,16570.450795467943,32.35942679000004,0.4582218,19.48021608974784,0.8626210638405765,5.5,6
8.531094616070000,-12.760920223999999,-48.733262529000001,303,1.6222203,20,16593.39720283766,33.80354024000002,0.49119997,16.305372535030145,0.873332995284215,5.5,6
9.002505893109999,-10.914126202000000,-48.327401160999997,242,1.0077565,40,17934.364757612915,30.098406560000058,0.6040308,19.094648176054942,0.8458496019471635,5.4,6
8.662918186790000,-6.636552250000000,-47.735204633000002,302,1.2157583,10,18275.88535008016,26.591518039999983,0.40773922,14.433570358128554,0.8198367222757467,5.3,6
7.517751115280000,-9.984939361000000,-49.409944365999998,194,0.4224666,30,20084.367455538282,31.36478297000002,0.63213927,19.915250405978956,0.855243141828508,5.2,6
6.964100948660000,-12.533618547000000,-49.762316738999999,314,1.9082857,30,16992.696175578716,32.114611107500025,0.5010601,15.34986109000271,0.8608051062319358,5.3,6
7.300064452190000,-11.687099127000000,-49.187455458000002,277,0.95682466,30,17712.05104699223,31.328893760000028,0.48919475,15.532182646796663,0.8549769281476602,5.4,6
7.127827549370000,-8.601549703000000,-47.761062205999998,279,1.174461,30,19722.895446630522,30.060808339999994,0.46703184,14.433570358128554,0.84557071142437,5.1,6
9.706052204210000,-12.243410345999999,-46.586094629000002,407,0.69670707,30,17240.786920398186,34.347005420000016,0.49519372,17.8675575626137,0.8773642310227678,5.6,4
11.393362011200001,-9.663636393000001,-46.615903262000003,558,1.3811783,30,15562.767897007338,34.21370264000001,0.3133879,14.656713909442765,0.8763754373510473,5.6,9
7.840241494600000,-12.955176810999999,-48.707575685999998,459,0.8305134,10,17280.43380014294,30.429954500000008,0.5983826,18.103521802356973,0.8483089092845192,5.6,6
7.832323838160000,-9.150812995000001,-48.618567837000001,349,2.6942022,30,20101.85326023571,32.09623925000005,0.43833932,15.88048934106488,0.8606688301810258,5.4,6
7.241613877180000,-12.383994100000001,-48.731902701000003,259,0.51579344,30,17059.552616422836,32.08342167500001,0.4892024,21.31189682641988,0.860573753866437,5.4,6
7.668062763080000,-7.698217703000000,-48.186693746000003,213,1.1836311,30,20069.515550330743,31.03152602,0.29399475,17.39108141886235,0.8527711576492065,5.4,6
8.736378046950000,-9.591530592000000,-48.015424641999999,298,0.53924215,30,18050.73595624503,34.610192960000006,0.4562712,16.091798434732087,0.8793164646823185,5.4,6
6.312688768100000,-12.121182265000000,-47.983162647000000,479,2.0781677,30,16134.411293366644,32.05778652499998,0.4522449,14.656713909442765,0.8603836012372598,5.5,6
6.669742671950000,-5.977835834000000,-48.274177932000001,107,0.17301653,30,19121.45441934529,32.947326230000044,0.53319025,25.375083858033648,0.8669818974697028,5.1,6
8.741540962920000,-9.303636314000000,-47.756269064000001,222,0.9077797,10,18663.625207609715,26.929902019999986,0.51623666,21.77748159253965,0.8223467369808833,5.3,6
11.690023723600000,-9.701643752000001,-46.816647559000003,512,0.77691865,30,16226.711308808552,35.909040559999994,0.35191253,15.445171269807034,0.8889508645606208,5.5,6
6.824120047090000,-12.280798624000001,-47.482609822000001,355,0.39738593,20,14904.630612288805,32.02332149,0.4911232,15.88048934106488,0.8601279515913663,5.5,6
6.487269701460000,-7.349005819000000,-48.396029184000000,246,0.74156994,30,19871.775468897424,31.67325927500002,0.46718624,15.532182646796663,0.8575313117996047,5.1,6
8.379778955660001,-10.122876909000000,-50.014197932000002,182,0.11017458,10,18546.51147283057,29.539560290000054,0.6396498,15.532182646796663,0.8417042746311044,4.9,6
7.044663038560000,-8.787848317000000,-47.894722258000002,286,1.8705432,30,19699.90179545306,30.18898409000002,0.46718562,16.343112863012994,0.8465214745702554,5.0,6
9.320111595540000,-9.095069160000000,-47.104608481000000,308,0.3224969,10,18157.57399155342,34.60449626000002,0.3444186,15.34986109000271,0.8792742085425015,5.4,6
10.298571477799999,-10.646793253000000,-48.411621615999998,215,0.33526233,80,17751.21739485726,40.950620060000006,0.2916705,24.610761487590594,0.926347548298768,6.3,4
8.794210019330000,-11.857218081999999,-48.208737368000001,355,1.2475288,10,17113.14373638644,35.02377338000002,0.46682554,16.091798434732087,0.8823842604330412,5.3,6
9.750728957850001,-11.248033436000000,-47.568191609000003,617,2.2887602,30,17398.204387422047,29.39429444000001,0.5439492,14.839035466236718,0.8406267430657677,5.6,6
9.912937561330001,-10.239868261000000,-47.876206207999999,368,0.9663229,40,17928.050115348327,34.69393445000003,0.34487638,14.839035466236718,0.8799376299376303,5.2,6
10.625798469799999,-10.633628827000001,-47.664922392999998,368,1.7003553,10,17290.145481208085,26.02583573000004,0.48857185,16.091798434732087,0.8156406875919076,5.2,6
4.864801284090000,-7.944375421000000,-48.680446836000002,369,9.301145,10,20579.779508354888,30.26247152000002,0.54041183,16.7361554511226,0.8470665787738961,5.5,6
6.166764432870000,-8.033957632000000,-47.939174244000000,178,1.9930363,80,19742.366896276697,27.227839430000017,0.37548807,15.1267175386885,0.8245567330933187,5.2,6
9.994598094590000,-12.608728702000001,-49.987873254000000,212,0.49345404,30,18042.558340906035,36.221789390000026,0.390995,19.26388209809353,0.8912707266365807,5.4,6
8.390929063540000,-8.280364984000000,-47.339591292000001,316,0.27336335,30,18508.448900595467,30.303487760000053,0.44313335,14.839035466236718,0.8473708229805796,5.2,6
8.676140231600000,-11.560473129000000,-48.164769002000000,278,0.086774796,40,17391.027748908265,33.22247684000001,0.3276971,14.433570358128554,0.8690228690228693,5.3,6
9.489951783340000,-11.909634220999999,-49.150247127000000,285,0.7384592,10,17649.038110219288,33.73859786000003,0.38537914,15.445171269807034,0.8728512752903,5.2,6
10.125633624500001,-10.780916146999999,-47.854168776000002,497,6.8029785,10,17695.692909686448,27.464822150000032,0.4859748,17.6820049852383,0.8263145885097108,5.4,6
6.372834320070000,-7.251907022000000,-48.684584694999998,227,0.46536866,10,19566.682655448232,34.40511176000001,0.4683403,14.993186146063977,0.8777952436489024,5.1,6
8.333848138730000,-12.766223963000000,-47.549271275999999,337,0.47058812,20,15257.849262667736,32.30644748000003,0.49335358,17.46611660480526,0.8622280817402772,5.6,6
7.540526705380000,-8.906171806000000,-48.315912494000003,238,0.71598125,30,19808.90545785522,34.480308200000024,0.32830924,17.295771239058023,0.8783530246944884,5.2,6
7.257851357030000,-8.913430118999999,-48.832858152999997,260,1.2929931,30,20431.54204406561,34.924650799999995,0.4509793,18.99531098618931,0.8816490036002232,5.3,6
8.275069664140000,-8.616007611000001,-47.222680169999997,312,0.6329894,20,18534.123018309823,31.472450600000002,0.46277812,14.993186146063977,0.8560417828710514,5.3,6
9.477547576130000,-11.497706538999999,-46.766119967999998,639,0.5641496,30,17794.608177556398,35.79966392000006,0.3771337,16.48126320149381,0.8881395466761326,5.6,6
7.787370524960000,-12.112124226000001,-49.993196800000000,201,0.11055661,10,17049.49104160303,30.952911560000018,0.5337704,19.42400294490729,0.8521880229197305,5.2,6
9.786719963470000,-10.274632380000000,-49.900948761999999,178,0.07854934,10,18695.530697973012,33.64460230999998,0.40527198,20.58736631715399,0.8721540489833173,5.2,6
9.241017110560000,-11.203344660000001,-48.709793800999996,247,0.6006976,30,17992.115397924426,35.80479094999998,0.40074092,19.37699690253136,0.8881775772019674,5.3,6
6.383082066580000,-9.223704547000001,-49.354677709000001,190,0.7914789,30,21148.77229234155,37.05749528000001,0.43130437,19.79603554450034,0.8974697023477514,5.0,6
7.667270809190000,-8.783224621000000,-47.666709531999999,275,0.2796942,40,19208.72811886117,33.62751221000002,0.40568742,14.839035466236718,0.8720272805638662,5.3,6
6.014491793780000,-11.913334373000000,-49.681491940999997,193,0.055258073,40,16391.80155814684,30.002702,0.52461785,14.433570358128554,0.8451396987982355,5.6,6
11.221244014500000,-11.112139910000000,-47.064324610000000,528,0.27336806,20,17895.199821108487,36.86266813999998,0.37150064,18.796668982916916,0.8960245423660058,5.7,6
6.931071823770000,-6.180562135000000,-47.680262114000001,275,1.9508153,30,18161.85571528747,32.367971839999996,0.4835303,16.7361554511226,0.8626844480503019,4.8,6
7.647630965420000,-12.726889544000000,-48.298920762999998,315,0.6861548,20,15447.431371169308,31.157992760000013,0.54177564,22.224473150391592,0.8537092439531466,5.4,6
7.852032919370000,-11.930620997000000,-48.590811402999996,257,0.08794324,30,18348.980013290522,32.70293780000003,0.3955864,14.839035466236718,0.8651691090715484,5.4,6
9.221669948290000,-12.159424373000000,-49.588139445000003,263,0.6940958,10,17041.16238380972,33.755687960000046,0.45316613,14.993186146063977,0.8729780437097515,5.1,6
9.713197063250000,-8.379859672000000,-46.842763763000001,336,0.6817907,30,17305.99318171533,30.55300322000005,0.40895128,17.48992725349898,0.8492216419045693,5.6,6
6.950018610960000,-7.929542699000000,-48.623108166000002,396,3.614679,30,21219.53750066208,31.092195875000016,0.48843756,15.819864719248445,0.853221185538259,5.5,6
8.827382635439999,-10.821750283000000,-48.439129811999997,321,2.5592535,10,17746.87524689572,37.33728463142859,0.39742664,14.656713909442765,0.899545082471912,5.6,6
8.225180451980000,-12.844907933000000,-47.112696600000000,458,1.9461054,20,15225.882910310676,32.155200095000055,0.49129808,15.1267175386885,0.861106181228133,5.7,6
8.354610213200001,-12.095985725000000,-47.456297270999997,334,0.47003597,20,15146.277746221254,33.23273089999998,0.45592645,17.800866188115027,0.8690989300745399,5.5,6
6.183203792470000,-6.807907039000000,-48.646877244000002,139,0.19410634,10,20223.489724315703,26.635952299999985,0.5808037,20.476203191810935,0.8201663201663202,4.8,6
7.196009340220000,-7.795787487000000,-48.527789282999997,341,2.1238666,30,20835.025914894515,28.915771640000003,0.44450718,14.656713909442765,0.8370772273211299,5.3,6
7.825506923480000,-10.664163073999999,-49.247066738999997,262,1.5165943,10,19208.974132031755,34.58284880000002,0.4636067,14.993186146063977,0.8791136352111965,5.2,6
8.031585169070000,-8.724276678000001,-48.482168344999998,273,0.85310274,30,20218.588386256844,28.886718470000005,0.35196462,15.937647754904829,0.8368617210080627,5.3,6
6.672413004090000,-7.587094980000000,-48.173924063999998,234,0.36953044,30,19839.58276812625,32.144091530000026,0.4644405,15.819864719248445,0.8610237817554894,5.1,6
7.817097959160000,-10.619473154000000,-48.593778663999998,300,1.6792663,30,17648.469337277853,33.612131120000015,0.47726545,14.656713909442765,0.8719131889863599,5.5,6
7.122510798380000,-7.767423786000000,-48.211984389000001,237,0.900339,30,20133.72864288603,31.633097539999994,0.37050152,14.993186146063977,0.8572334060138939,5.3,6
9.145983183140000,-7.986774953000000,-46.907636289000003,267,0.90043145,10,17935.001472454987,29.120568004999996,0.31571278,14.433570358128554,0.8385963355475552,5.5,6
7.846929292340000,-12.535949382000000,-48.251873430000003,273,0.7480157,10,16409.596839389495,29.698498220000033,0.40396023,23.736034018980543,0.8428832209320019,5.6,6
9.339521717129999,-12.269849374000000,-49.340686439999999,271,0.64915127,30,17152.318081015183,35.67509608,0.44396943,14.839035466236718,0.8872155457521312,5.2,6
7.590044965390000,-6.852864980000000,-48.141076489000000,300,1.9469172,10,19420.472278610927,30.848661950000007,0.33897725,14.656713909442765,0.8514147355610773,4.9,6
8.328352981749999,-11.741183013000001,-47.231303015999998,383,1.1839803,10,16893.66556726837,31.94755538000004,0.5540917,17.579875490161918,0.859565944931799,5.4,6
8.857530339869999,-12.426880069999999,-49.258905296000002,232,0.3377417,30,16805.57332243434,33.965896190000024,0.48127508,18.905209151492123,0.8745372952690029,5.3,6
8.159987484689999,-10.571257593000000,-49.751160894000002,183,0.15458144,30,18992.965613519562,34.96224902000006,0.3940238,14.656713909442765,0.8819278941230166,5.5,6
8.071878636950000,-12.013619238000000,-47.405566827000001,329,0.46997258,20,15290.910321706448,32.28935738000001,0.44685212,20.33620369152992,0.8621013133208257,5.5,6
8.221535349470001,-10.400435448000000,-49.305497803000002,232,0.9485769,10,19078.777388457635,31.91166616999999,0.43388197,14.433570358128554,0.8592997312509508,5.1,6
10.381376275499999,-10.840025030000000,-47.436231782999997,346,0.7192045,10,17821.09331809149,33.48680372000001,0.40946877,15.34986109000271,0.8709835539103834,5.5,6
9.729083008860000,-9.599819313999999,-47.031092700999999,345,0.33556864,30,17093.079637555344,34.64095514000002,0.36744663,14.839035466236718,0.879544647837331,5.4,6
8.324255995170001,-10.842230440000000,-49.176438884000000,285,1.7446839,10,18643.646911385506,30.779233418749982,0.52810943,17.107719007555083,0.8508997388570559,5.3,6
7.664215403450000,-7.099237165000000,-48.419617082999999,339,1.2720869,30,19817.457922087982,28.80639500000001,0.45427728,14.656713909442765,0.8362659094366414,5.4,6
7.465247318920000,-11.823352624000000,-50.162898677999998,195,0.07729086,30,17176.550832340123,30.713650160000043,0.62959415,14.993186146063977,0.8504132650474119,5.3,6
8.560681454039999,-12.146726579999999,-50.432965062000001,201,0.12473046,10,17009.358865013666,34.72213311500002,0.44454455,14.656713909442765,0.8801467978297249,5.4,6
8.063736843370000,-12.471061389000001,-50.517166437999997,205,0.039579153,30,18306.744225270213,30.946075520000022,0.46268442,16.93909629511929,0.85213731555195,5.2,4
6.795159960810000,-12.282226732000000,-48.143716255000001,321,0.85013765,10,16364.91882634752,29.34253585142858,0.53176385,14.839035466236718,0.8402428158525721,5.4,6
6.098382500720000,-9.341831102000000,-49.069017199000001,232,0.5765301,10,21302.195741866653,34.55892266000001,0.50248796,14.656713909442765,0.8789361594239645,5.1,6
8.854408826620000,-10.999367090000000,-47.702585812999999,351,3.0510666,20,17300.254287062642,31.14090266000005,0.51074064,16.808476112702227,0.8535824755336956,5.3,6
8.374540986960000,-11.086010278000000,-49.867557443999999,195,0.07729086,10,18621.400850099017,28.84057519999999,0.48194158,14.993186146063977,0.8365194462755439,5.4,6
11.066778682000001,-11.090618710999999,-48.397984954999998,369,1.4709024,10,17955.82104473275,25.154240630000004,0.4367153,14.433570358128554,0.8091754981998887,5.4,6
7.814067300430000,-11.545876516000000,-46.697987961000003,617,1.5322014,30,16384.6622756815,33.97785926000006,0.474288,14.993186146063977,0.8746260331626191,5.6,6
10.467054041000001,-10.433378331000000,-47.186310960000000,344,1.134081,20,17487.23745452085,37.101929540000015,0.38386473,19.0851469169308,0.8977993002383249,5.8,6
8.405286829010000,-11.115957398999999,-49.774113198999999,194,0.22851487,30,18784.96134151861,30.32741390000001,0.43448597,15.34986109000271,0.8475482987678111,5.5,6
6.482041241320000,-8.819895229000000,-49.250423826999999,194,0.7885305,30,21304.867801428238,35.52622231999999,0.46479842,16.998519715590092,0.8861112519649106,5.2,6
11.761234550499999,-12.660980328000001,-46.802900481999998,383,0.16601476,30,14975.974964911791,37.21472419999998,0.32409608,14.656713909442765,0.8986359718067035,5.6,4
7.850611887020000,-10.446359552000001,-49.474271635999997,191,0.03864545,10,19439.184521822193,32.66875760000005,0.5174618,14.839035466236718,0.8649155722326459,5.2,6
8.875339593480000,-12.814272434999999,-50.487046167000003,216,0.055354804,10,17843.601741334758,32.520073730000036,0.5407399,16.48126320149381,0.8638126869834191,5.4,6
5.827058758410000,-7.842889456000000,-48.904987980999998,174,0.58488846,30,19602.250386580334,37.74793532000001,0.43589118,14.993186146063977,0.9025911464935857,5.1,6
8.629266973840000,-11.030912721000000,-46.634329756000000,608,1.17328,30,16295.277174062241,34.836758857142854,0.39428017,14.433570358128554,0.8809970517287592,5.6,6
8.789613586100000,-10.679355521000000,-50.465688786999998,181,0.055136412,30,18657.598174150604,32.91357328250001,0.4477283,16.71083764313831,0.8667315298412862,5.2,4
8.766168611659999,-10.032171081000000,-50.155760880000003,172,0.03864545,30,18736.96937084738,31.54422901999999,0.5940995,17.6116241884765,0.8565742102327468,5.3,6
9.771645622779999,-10.694574991000000,-48.397665511000000,242,0.8956743,50,17824.88191261856,39.078912307999985,0.32056603,24.609505779663035,0.9124638710004565,5.8,6
8.114711922200000,-12.142341335999999,-47.473006462999997,341,0.4687896,20,15010.360426749106,32.93365415000005,0.4535021,16.78494561529203,0.8668804827341418,5.6,6
6.144309043450000,-9.456140067000000,-49.357565166000001,241,1.1890807,30,21237.7745102962,37.24411917200001,0.39966482,14.433570358128554,0.8988540134881601,5.1,6
5.934787814170000,-7.830320778000000,-48.903555822000001,185,0.57178575,30,19578.14856632972,37.74793532000001,0.43589118,14.993186146063977,0.9025911464935857,5.1,6
7.697881670830000,-7.099987125000000,-47.927925279999997,230,0.13966976,30,18539.97759411131,26.56075586000003,0.47450012,15.6122253544702,0.8196085391207346,5.2,6
7.593149757530000,-10.459802733000000,-49.458193147000003,194,0.23517798,30,19455.866667660095,32.66875760000005,0.5174618,15.34986109000271,0.8649155722326459,5.1,6
9.175332766950000,-10.965487598999999,-48.760626119000001,312,0.88586384,10,18539.859474759396,31.70487595999998,0.46441954,16.13831845036698,0.8577658333755894,5.4,6
7.986867657810000,-9.713749964000000,-48.542104207000001,247,0.36715505,30,19063.720844127107,34.49398028000002,0.5082451,16.091798434732087,0.8784544394300494,5.2,6
8.682641774650000,-9.713195809000000,-49.905185478999996,198,0.36839887,40,19830.132208895608,35.74668460999999,0.37602156,15.686333326623922,0.8877465645758329,5.3,6
12.354528574000000,-12.352835116000000,-46.708793876999998,387,0.69670796,10,16241.707454729825,33.701931827272745,0.45992228,17.364764110544975,0.8725792994085679,5.3,6
8.002365261420000,-6.818305302000000,-48.016830867000003,245,1.1618147,30,19097.391873984296,26.406944960000033,0.41359195,17.453995244272917,0.8184676233456725,5.3,6
8.035219442440001,-9.392546294000001,-48.268655443000000,272,0.39169702,30,18822.769486312485,30.26588953999999,0.47575018,14.656713909442765,0.8470919324577861,5.1,6
8.091933615709999,-6.346826161000000,-47.489527438000003,223,1.7127788,10,18696.275452527218,30.36330311000006,0.28148606,15.445171269807034,0.8478145124486594,5.2,6
9.259921179719999,-11.023598754000000,-47.694056775000000,336,1.6687286,20,17353.770099021393,31.320918380000023,0.505796,16.808476112702227,0.8549177695519162,5.3,6
7.615645421500000,-9.232839793000000,-49.817167056999999,183,0.1971532,10,19917.632040227618,35.184420320000015,0.43751517,14.656713909442765,0.8835758835758838,5.1,6
9.686774649429999,-11.483504457000000,-47.596773992000003,374,0.74369144,30,17131.619076711882,34.64779118000001,0.3642866,17.25196861639963,0.8795953552051116,6.1,6
8.249300982910000,-9.276803015000000,-48.223964021999997,336,0.33393183,30,19265.218612064175,32.98834247000002,0.46675766,14.839035466236718,0.8672861416763858,5.1,6
5.926021254310000,-6.733934649000000,-48.592583302999998,173,1.1981663,10,20288.412209871072,32.09658105200003,0.50117326,17.601152888609203,0.8606713655494147,5.1,6
8.727099495530000,-8.035228084000000,-46.743139751000001,341,1.7595634,20,17094.06882095437,36.86608616000001,0.36104706,14.656713909442765,0.8960498960498963,5.5,6
7.958188909600000,-7.551124423000000,-47.818499963000001,224,0.1606507,10,18899.664494681565,25.897659980000014,0.4627391,15.532182646796663,0.8146899244460223,5.3,6
8.559326037170001,-10.462555890000001,-48.808276085000003,262,0.7506107,30,17907.46802021595,36.18590018000003,0.3938831,19.651219821609136,0.8910045129557329,5.4,6
8.922160336410000,-7.977909652000000,-46.640113876000001,319,0.24465407,10,15984.440315637852,32.87104223818187,0.5369014,15.819864719248445,0.8664160493428792,5.4,6
6.644181702360000,-8.601496206000000,-48.042654503000001,235,0.3657439,40,20205.96039213919,30.53420411000002,0.461754,15.937647754904829,0.8490821966431725,5.1,6
8.016506155249999,-6.377579735000000,-48.474600172000002,165,0.8247492,30,19717.21935306698,30.113787650000006,0.057280194,14.656713909442765,0.8459636935246693,5.0,6
10.710410226000000,-12.772631210000000,-47.608692558999998,335,0.48943686,20,15378.914199713954,36.17086089200001,0.39351958,16.543783558475145,0.8908929567466155,5.7,6
9.727742650440000,-12.438110810000000,-47.220130214000001,331,0.85105795,10,14889.828261871817,36.059205571999996,0.41498604,17.174410382053754,0.8900647364062,5.6,6
7.426902630890000,-6.210982906000000,-47.501403209999999,252,0.86509544,10,18313.21729742945,31.63651556000002,0.5046014,17.416723849475684,0.8572587596977844,4.9,6
5.641284789410000,-9.162407959999999,-49.373492249000002,189,0.7454323,30,21083.75625881775,32.23466905999999,0.5582315,14.656713909442765,0.8616956543785813,5.1,6
7.769162809490000,-7.124467903000000,-48.536616533999997,372,1.5088353,30,20131.547307423127,30.995636810000008,0.44021684,15.819864719248445,0.8525049439683589,5.4,6
8.966678742950000,-8.244638767000000,-46.989820543000000,324,0.825287,10,18036.264043604948,31.81681611500005,0.41246757,16.44847337867082,0.8585961665229963,5.4,6
8.465282357860000,-11.421321649999999,-49.995616691999999,190,0.08676589,30,17403.209150837345,30.52224104000004,0.57194334,20.215085181325108,0.8489934587495568,5.4,6
9.138518964999999,-9.226300771000000,-47.069069257000002,307,0.3680207,30,18049.518413921356,30.912464990000046,0.42524233,16.043008270562655,0.8518880043270292,5.4,6
8.491782877549999,-11.573917019000000,-46.410711057999997,757,3.8995173,20,15405.392937039494,34.58968484000002,0.38391274,17.71071509112073,0.879164342578977,5.4,3
7.439625726420000,-11.585849879000000,-49.548571844000001,216,0.9371792,10,17737.76040257262,30.617945599999985,0.5623383,15.937647754904829,0.8497033618984838,5.3,6
9.340859546390000,-12.295661697000000,-48.671971034000002,263,0.3973959,30,17150.646574825558,34.79408243600005,0.3177334,16.7361554511226,0.8806804928756153,5.5,6
11.542910557300001,-10.087691249000001,-46.688094630000002,472,2.1633885,30,15927.779181952334,37.50525590000001,0.30323327,18.42255440469283,0.9007910349373767,5.8,6
8.195629724230001,-10.119738045000000,-49.368364272999997,210,0.6001199,30,19689.8798128814,38.21449504999998,0.4184945,18.671293503196,0.9060519243446072,5.3,6
7.505829974110000,-8.168579129999999,-48.561315747000002,348,1.494416,30,20658.57721924773,33.04929716000004,0.47424588,16.76084806371297,0.8677382823724291,5.6,6
9.281862607770000,-9.744328565000000,-48.233534116999998,355,1.6036139,30,18402.853677686107,33.909498859999985,0.44647127,14.839035466236718,0.8741189594848132,5.4,6
6.762867533240000,-9.785402022000000,-48.902288724000002,417,6.585315,10,19695.72571116658,29.57772818000001,0.49456206,15.445171269807034,0.8419873907678788,5.4,6
8.125237011179999,-9.382301057999999,-48.488565713000000,234,0.43224987,10,19404.534421100263,33.736888850000014,0.39263248,14.993186146063977,0.8728385984483548,5.2,6
6.075125597170000,-8.240336996000000,-49.185138430000002,164,0.7352609,10,19186.38177921326,31.24344326000005,0.5473132,14.433570358128554,0.8543430860504037,4.9,6
5.706011627840000,-7.171463472000000,-49.063588445999997,214,1.0387934,30,19649.14712126465,30.42653647999998,0.6472002,15.937647754904829,0.8482835556006287,5.1,6
7.391400266190000,-12.450018860000000,-47.437271905999999,324,0.50393444,20,14953.54444681703,32.10820232000003,0.45083916,20.78314631696123,0.8607575680746417,5.4,6
8.809501029770001,-11.152734755000001,-47.234350057000000,512,0.6142012,20,17532.853910590504,30.317159840000045,0.54496914,15.755326198110874,0.8474722377161407,5.4,6
9.553945581070000,-12.293752069000000,-48.916908305000000,264,0.6491543,10,16927.48143482214,33.013123114999985,0.5330902,20.75658433039453,0.8674699558845901,5.4,6
6.925727610200000,-12.879385846000000,-48.044286642000003,680,3.5389893,20,15580.679096044942,31.060823334285715,0.45542234,14.656713909442765,0.8529884749396945,5.5,6
9.909881439619999,-12.133596513000001,-49.580118812000002,276,1.1870861,10,16852.83742333002,35.72788550000001,0.418033,14.993186146063977,0.8876071193144366,5.1,6
9.057246984510000,-12.142761632999999,-50.263474008999999,197,0.03864545,30,17372.05425859425,34.53879432000002,0.39382055,17.295771239058023,0.8787868543966108,5.4,4
8.687770322940001,-12.840755441000001,-47.155769782000000,445,1.5991949,10,15147.386430771034,32.08085816000005,0.50176555,14.433570358128554,0.8605547386035196,5.7,6
7.587736718970000,-11.390978796000001,-46.659019643000001,670,3.2888424,20,16583.94023078691,32.70293780000003,0.42029262,14.433570358128554,0.8651691090715484,5.8,6
10.297807259200001,-10.386358255999999,-46.636628758999997,465,3.1685574,20,16078.270728194359,35.22201854000002,0.37517464,14.993186146063977,0.8838547740986769,5.6,6
8.821564250580000,-10.615187440000000,-49.755276256000002,180,0.31290925,30,19100.658432459833,28.59618677000003,0.34159136,16.091798434732087,0.83470665787739,5.5,6
8.517775089400001,-9.747218184999999,-47.627286568000002,288,1.4160739,10,18193.86227027682,30.928985420000004,0.48099756,15.88048934106488,0.8520105471324985,5.2,6
7.813961778670000,-11.266067575999999,-50.592319834000001,187,0.03864545,30,17688.786539577428,30.662379859999987,0.5528956,15.6122253544702,0.8500329597890574,5.4,6
7.712630563860000,-9.383542881000000,-49.832558575000000,185,0.13992205,40,20058.54456137207,34.65234854000005,0.46252987,16.658193909652887,0.8796291601169655,5.1,6
8.481468236210000,-9.905626284000000,-48.407999365000002,263,1.1978346,10,18558.633685023487,36.85925012000001,0.33359408,14.993186146063977,0.8959991886821158,5.1,6
9.354565306380000,-9.572104887000000,-46.847820556000002,408,2.0488346,10,16609.724329176377,33.25665704000005,0.5062815,14.993186146063977,0.8692764058617722,5.4,6
